"team","name","salary","position","age","height","weight","dob","country","experience","college","games","games_started","minutes_played","field_goals","field_goal_attempts","field_goal_pct","three_pointers","three_point_attempts","three_point_pct","two_pointers","two_point_attempts","two_point_pct","effective_field_goal_pct","free_throws","free_throw_attempts","free_throw_pct","offensive_rebounds","defensive_rebounds","total_rebounds","assists","steals","blocks","turnovers","personal_fouls","points","outlier"
"CHI","Aaron Brooks",2e+06,"PG",31,72,161,1985-01-14,"us","7","University of Oregon",69,0,1108,188,469,0.401,66,185,0.357,122,284,0.43,0.471,49,64,0.766,21,80,101,180,30,10,82,132,491,FALSE
"ORL","Aaron Gordon",4171680,"PF",20,81,220,1995-09-16,"us","1","University of Arizona",78,37,1863,274,579,0.473,42,142,0.296,232,437,0.531,0.509,129,193,0.668,154,353,507,128,59,55,66,153,719,FALSE
"CHO","Aaron Harrison",525093,"SG",21,78,210,1994-10-28,"us","0","University of Kentucky",21,0,93,5,19,0.263,3,10,0.3,2,9,0.222,0.342,5,12,0.417,4,11,15,2,6,0,4,10,18,FALSE
"MIN","Adreian Payne",1938840,"PF",24,82,237,1991-02-19,"us","1","Michigan State University",52,2,486,53,145,0.366,9,32,0.281,44,113,0.389,0.397,17,26,0.654,20,91,111,29,16,11,36,77,132,FALSE
"POR","Al-Farouq Aminu",7500000,"SF",25,81,220,1990-09-21,"us","5","Wake Forest University",82,82,2341,299,719,0.416,126,349,0.361,173,370,0.468,0.503,115,156,0.737,98,401,499,138,72,53,120,171,839,FALSE
"ATL","Al Horford",1.2e+07,"C",29,82,245,1986-06-03,"do","8","University of Florida",82,82,2631,529,1048,0.505,88,256,0.344,441,792,0.557,0.547,103,129,0.798,148,448,596,263,68,121,107,163,1249,FALSE
"CHO","Al Jefferson",13833333,"C",31,82,289,1985-01-04,"us","11","",47,18,1096,245,505,0.485,0,0,NA,245,505,0.485,0.485,72,111,0.649,57,244,301,70,30,41,34,117,562,FALSE
"WAS","Alan Anderson",4e+06,"SG",33,78,220,1982-10-16,"us","6","Michigan State University",13,0,192,21,59,0.356,12,37,0.324,9,22,0.409,0.458,11,15,0.733,1,26,27,14,4,1,2,25,65,FALSE
"PHO","Alan Williams",114285,"PF",23,80,260,1993-01-28,"us","0","University of California, Santa Barbara",10,0,68,10,24,0.417,0,0,NA,10,24,0.417,0.417,9,14,0.643,14,24,38,5,4,5,6,15,29,FALSE
"UTA","Alec Burks",9213484,"SG",24,78,214,1991-07-20,"us","4","University of Colorado",31,3,797,137,334,0.41,32,79,0.405,105,255,0.412,0.458,106,141,0.752,16,93,109,63,18,4,51,71,412,FALSE
"PHO","Alex Len",3807120,"C",22,85,260,1993-06-16,"ua","2","University of Maryland",78,46,1821,264,624,0.423,1,7,0.143,263,617,0.426,0.424,174,239,0.728,178,416,594,97,38,62,145,230,703,FALSE
"LAC","Alex Stepheson",92664,"PF",28,82,270,1987-08-07,"us","0","University of Southern California",4,0,12,1,1,1,0,0,NA,1,1,1,1,0,2,0,1,1,2,0,0,2,0,4,2,TRUE
"NOP","Alexis Ajinca",4300000,"C",27,86,248,1988-05-06,"fr","5","",59,17,861,150,315,0.476,0,1,0,150,314,0.478,0.476,52,62,0.839,75,194,269,31,19,36,54,134,352,FALSE
"POR","Allen Crabbe",947276,"SG",23,78,210,1992-04-09,"us","2","University of California",81,8,2105,311,678,0.459,112,285,0.393,199,393,0.506,0.541,98,113,0.867,27,189,216,99,63,16,64,192,832,FALSE
"NOP","Alonzo Gee",1375000,"SF",28,78,225,1987-05-29,"us","6","University of Alabama",73,38,1632,132,255,0.518,17,60,0.283,115,195,0.59,0.551,44,66,0.667,60,185,245,72,63,13,55,169,325,FALSE
"MIA","Amar'e Stoudemire",1499187,"C",33,82,245,1982-11-16,"us","13","",52,36,762,125,221,0.566,0,0,NA,125,221,0.566,0.566,50,67,0.746,65,157,222,27,18,41,47,92,300,FALSE
"BOS","Amir Johnson",1.2e+07,"PF",28,81,240,1987-05-01,"us","10","",79,76,1800,249,426,0.585,10,43,0.233,239,383,0.624,0.596,69,121,0.57,178,327,505,138,52,83,94,214,577,FALSE
"CLE","Anderson Varejao",10097129,"C",33,82,273,1982-09-28,"br","11","",31,0,310,32,76,0.421,0,1,0,32,75,0.427,0.421,16,21,0.762,24,67,91,20,11,5,16,35,80,TRUE
"DET","Andre Drummond",3272091,"C",22,83,279,1993-08-10,"us","3","University of Connecticut",81,81,2666,552,1060,0.521,2,6,0.333,550,1054,0.522,0.522,208,586,0.355,395,803,1198,67,119,112,155,245,1314,FALSE
"GSW","Andre Iguodala",11710456,"SF",32,78,215,1984-01-28,"us","11","University of Arizona",65,1,1732,176,368,0.478,54,154,0.351,122,214,0.57,0.552,51,83,0.614,52,211,263,219,73,19,79,102,457,FALSE
"SAS","Andre Miller",1896031,"PG",39,75,200,1976-03-19,"us","16","University of Utah",13,4,181,23,48,0.479,1,4,0.25,22,44,0.5,0.49,9,13,0.692,6,21,27,29,7,0,12,14,56,TRUE
"OKC","Andre Roberson",1210800,"SG",24,79,210,1991-12-04,"us","2","University of Colorado",70,70,1553,136,274,0.496,32,103,0.311,104,171,0.608,0.555,33,54,0.611,79,172,251,47,53,42,35,133,337,FALSE
"BRK","Andrea Bargnani",1362900,"C",30,84,245,1985-10-26,"it","9","",46,0,634,127,279,0.455,3,16,0.188,124,263,0.471,0.461,47,57,0.825,28,69,97,18,4,9,26,61,304,FALSE
"GSW","Andrew Bogut",1.2e+07,"C",31,84,260,1984-11-28,"au","10","University of Utah",70,66,1451,175,279,0.627,1,1,1,174,278,0.626,0.629,24,50,0.48,121,371,492,162,33,114,83,221,375,FALSE
"HOU","Andrew Goudelock",200600,"PG",27,75,200,1988-12-07,"us","2","College of Charleston",8,0,50,9,20,0.45,1,9,0.111,8,11,0.727,0.475,3,4,0.75,1,1,2,4,6,2,7,4,22,FALSE
"ORL","Andrew Nicholson",2380594,"PF",26,81,250,1989-12-08,"ca","3","St. Bonaventure University",56,0,823,146,310,0.471,41,114,0.36,105,196,0.536,0.537,51,65,0.785,34,167,201,25,10,22,41,69,384,FALSE
"MIN","Andrew Wiggins",5758680,"SF",20,80,199,1995-02-23,"ca","1","University of Kansas",81,81,2845,594,1294,0.459,57,190,0.3,537,1104,0.486,0.481,430,565,0.761,106,186,292,164,78,46,182,165,1675,FALSE
"TOR","Anthony Bennett",4597276,"PF",22,80,245,1993-03-14,"ca","2","University of Nevada, Las Vegas",19,0,84,8,27,0.296,3,14,0.214,5,13,0.385,0.352,9,10,0.9,6,17,23,0,5,0,4,8,28,TRUE
"LAL","Anthony Brown",7e+05,"SF",23,79,210,1992-10-10,"us","0","Stanford University",29,11,599,39,126,0.31,20,70,0.286,19,56,0.339,0.389,17,20,0.85,9,61,70,19,14,5,15,34,115,FALSE
"NOP","Anthony Davis",7070730,"PF",22,82,253,1993-03-11,"us","3","University of Kentucky",61,61,2164,560,1136,0.493,35,108,0.324,525,1028,0.511,0.508,326,430,0.758,130,497,627,116,78,125,121,148,1481,FALSE
"OKC","Anthony Morrow",3344000,"SG",30,77,210,1985-09-27,"us","7","Georgia Institute of Technology",68,6,926,136,333,0.408,79,204,0.387,57,129,0.442,0.527,29,39,0.744,10,52,62,24,22,5,17,64,380,FALSE
"DET","Anthony Tolliver",3e+06,"PF",30,80,240,1985-06-01,"us","7","Creighton University",72,5,1341,128,332,0.386,98,272,0.36,30,60,0.5,0.533,29,47,0.617,39,190,229,52,26,16,28,86,383,FALSE
"PHO","Archie Goodwin",1160160,"PG",21,77,200,1994-08-17,"us","2","University of Kentucky",57,13,1114,176,422,0.417,23,99,0.232,153,323,0.474,0.444,130,193,0.674,27,115,142,118,27,13,100,84,505,FALSE
"DET","Aron Baynes",6500000,"C",29,82,260,1986-12-09,"nz","3","Washington State University",81,1,1233,194,384,0.505,0,2,0,194,382,0.508,0.505,126,165,0.764,140,244,384,51,21,52,67,151,514,FALSE
"NYK","Arron Afflalo",8e+06,"SG",30,77,210,1985-10-15,"us","8","University of California, Los Angeles",71,57,2371,354,799,0.443,91,238,0.382,263,561,0.469,0.5,110,131,0.84,23,243,266,144,25,10,82,142,909,FALSE
"LAC","Austin Rivers",3100000,"SG",23,76,200,1992-08-01,"us","3","Duke University",67,7,1464,226,516,0.438,62,185,0.335,164,331,0.495,0.498,79,116,0.681,22,108,130,99,48,9,61,137,593,FALSE
"BOS","Avery Bradley",7730337,"SG",25,74,180,1990-11-26,"us","5","University of Texas at Austin",76,72,2536,456,1019,0.447,147,407,0.361,309,612,0.505,0.52,96,123,0.78,48,172,220,158,117,19,109,164,1155,FALSE
"DEN","Axel Toupane",148552,"SF",23,79,197,1992-07-23,"fr","0","",21,0,305,25,70,0.357,13,40,0.325,12,30,0.4,0.45,13,17,0.765,8,23,31,15,7,6,6,40,76,TRUE
"SAC","Ben McLemore",3156600,"SG",22,77,195,1993-02-11,"us","2","University of Kansas",68,53,1443,195,455,0.429,67,185,0.362,128,270,0.474,0.502,74,103,0.718,34,114,148,79,52,10,99,140,531,FALSE
"MIA","Beno Udrih",2170465,"PG",33,75,205,1982-07-05,"si","11","",36,5,587,66,152,0.434,11,33,0.333,55,119,0.462,0.47,15,17,0.882,6,57,63,90,11,0,42,40,158,FALSE
"TOR","Bismack Biyombo",3e+06,"C",23,81,255,1992-08-28,"cd","4","",82,22,1808,156,288,0.542,0,1,0,156,287,0.544,0.542,142,226,0.628,182,473,655,29,19,133,71,225,454,FALSE
"LAC","Blake Griffin",18907725,"PF",26,82,251,1989-03-16,"us","5","University of Oklahoma",35,35,1170,301,603,0.499,6,18,0.333,295,585,0.504,0.504,141,194,0.727,51,243,294,170,28,17,83,95,749,FALSE
"SAS","Boban Marjanovic",1200000,"C",27,87,290,1988-08-15,"rs","0","",54,4,508,105,174,0.603,0,0,NA,105,174,0.603,0.603,87,114,0.763,73,121,194,21,12,23,29,54,297,FALSE
"CHI","Bobby Portis",1391160,"PF",20,83,230,1995-02-10,"us","0","University of Arkansas",62,4,1102,186,436,0.427,16,52,0.308,170,384,0.443,0.445,48,66,0.727,123,214,337,52,25,22,54,100,436,FALSE
"BRK","Bojan Bogdanovic",3425510,"SF",26,80,216,1989-04-18,"ba","1","",79,39,2115,324,749,0.433,129,338,0.382,195,411,0.474,0.519,110,132,0.833,36,219,255,99,29,5,115,119,887,FALSE
"SAS","Boris Diaw",7e+06,"PF",33,80,250,1982-04-16,"fr","12","",76,4,1386,202,383,0.527,25,69,0.362,177,314,0.564,0.56,56,76,0.737,58,175,233,176,26,21,97,102,485,FALSE
"WAS","Bradley Beal",5694674,"SG",22,77,207,1993-06-28,"us","3","University of Florida",55,35,1708,359,799,0.449,105,271,0.387,254,528,0.481,0.515,135,176,0.767,41,147,188,162,54,11,112,117,958,FALSE
"MEM","Brandan Wright",5500000,"PF",28,82,210,1987-10-05,"us","7","University of North Carolina",12,2,212,35,52,0.673,0,0,NA,35,52,0.673,0.673,13,24,0.542,14,29,43,6,5,15,10,21,83,FALSE
"LAC","Branden Dawson",525093,"PF",22,78,225,1993-02-01,"us","0","Michigan State University",6,0,29,2,5,0.4,0,0,NA,2,5,0.4,0.4,1,1,1,2,2,4,0,0,1,0,2,5,FALSE
"LAL","Brandon Bass",3e+06,"PF",30,80,250,1985-04-30,"us","10","Louisiana State University",66,0,1342,174,317,0.549,0,2,0,174,315,0.552,0.549,125,148,0.845,104,181,285,74,33,55,42,125,473,FALSE
"DET","Brandon Jennings",8344497,"PG",26,73,170,1989-09-23,"us","6","",23,1,416,53,143,0.371,24,77,0.312,29,66,0.439,0.455,27,38,0.711,5,41,46,70,11,2,22,24,157,FALSE
"PHO","Brandon Knight",1.2e+07,"SG",24,75,189,1991-12-02,"us","4","University of Kentucky",52,50,1870,371,895,0.415,120,351,0.342,251,544,0.461,0.482,156,183,0.852,36,166,202,263,61,20,177,124,1018,FALSE
"GSW","Brandon Rush",1270964,"SG",30,78,220,1985-07-07,"us","7","University of Kansas",72,25,1055,111,260,0.427,65,157,0.414,46,103,0.447,0.552,18,28,0.643,21,160,181,57,20,23,33,57,305,FALSE
"CHO","Brian Roberts",2854940,"PG",30,73,173,1985-12-03,"us","3","University of Dayton",30,0,333,51,115,0.443,9,27,0.333,42,88,0.477,0.483,34,37,0.919,4,25,29,38,7,1,16,23,145,FALSE
"MIA","Briante Weber",43243,"PG",23,74,165,1992-12-29,"us","0","Virginia Commonwealth University",1,0,3,1,1,1,0,0,NA,1,1,1,1,0,0,NA,0,1,1,1,0,0,0,1,2,TRUE
"BRK","Brook Lopez",2e+07,"C",27,84,275,1988-04-01,"us","7","Stanford University",73,73,2457,591,1157,0.511,2,14,0.143,589,1143,0.515,0.512,317,403,0.787,204,369,573,147,58,124,175,215,1501,FALSE
"TOR","Bruno Caboclo",1524000,"SF",20,81,218,1995-09-21,"br","1","",6,1,43,1,12,0.083,1,7,0.143,0,5,0,0.125,0,0,NA,1,1,2,1,2,1,4,2,3,FALSE
"MEM","Bryce Cotton",293285,"PG",23,73,165,1992-08-11,"us","1","Providence College",5,0,6,2,2,1,0,0,NA,2,2,1,1,0,0,NA,0,0,0,0,0,0,0,0,4,TRUE
"NOP","Bryce Dejean-Jones",281659,"SG",23,78,209,1992-08-21,"us","0","Iowa State University",14,11,279,28,69,0.406,12,32,0.375,16,37,0.432,0.493,11,21,0.524,8,40,48,15,10,2,11,17,79,FALSE
"POR","C.J. McCollum",2525160,"SG",24,76,200,1991-09-19,"us","2","Lehigh University",80,80,2780,641,1431,0.448,197,472,0.417,444,959,0.463,0.517,187,226,0.827,47,212,259,341,97,23,196,187,1666,FALSE
"IND","C.J. Miles",4394225,"SF",28,78,225,1987-04-18,"us","10","",64,24,1464,259,634,0.409,142,387,0.367,117,247,0.474,0.521,93,124,0.75,25,150,175,63,53,29,70,142,753,FALSE
"ORL","C.J. Watson",5e+06,"PG",31,74,175,1984-04-17,"us","8","University of Tennessee",33,2,656,47,137,0.343,14,48,0.292,33,89,0.371,0.394,34,39,0.872,10,56,66,88,19,5,25,49,142,FALSE
"LAC","C.J. Wilcox",1159680,"SG",25,77,195,1990-12-30,"us","1","University of Washington",23,0,167,26,66,0.394,9,23,0.391,17,43,0.395,0.462,9,12,0.75,1,11,12,10,10,2,2,15,70,FALSE
"CHI","Cameron Bairstow",845059,"C",25,81,250,1990-12-07,"au","1","University of New Mexico",18,2,103,13,40,0.325,1,5,0.2,12,35,0.343,0.338,7,8,0.875,4,24,28,6,2,3,4,19,34,FALSE
"OKC","Cameron Payne",2021520,"PG",21,75,185,1994-08-08,"us","0","Murray State University",57,1,698,114,278,0.41,36,111,0.324,78,167,0.467,0.475,19,24,0.792,9,76,85,108,36,6,44,80,283,FALSE
"PHI","Carl Landry",6500000,"PF",32,81,248,1983-09-19,"us","8","Purdue University",36,12,569,139,250,0.556,6,13,0.462,133,237,0.561,0.568,67,91,0.736,49,97,146,32,12,9,22,69,351,FALSE
"NYK","Carmelo Anthony",22875000,"SF",31,80,240,1984-05-29,"us","12","Syracuse University",72,72,2530,567,1307,0.434,105,310,0.339,462,997,0.463,0.474,334,403,0.829,98,458,556,299,62,38,176,180,1573,FALSE
"SAC","Caron Butler",1499187,"SF",35,79,228,1980-03-13,"us","13","University of Connecticut",17,1,176,25,59,0.424,3,18,0.167,22,41,0.537,0.449,10,12,0.833,5,17,22,10,9,1,3,19,63,FALSE
"DAL","Chandler Parsons",15361500,"SF",27,82,230,1988-10-25,"us","4","University of Florida",61,51,1799,320,651,0.492,104,251,0.414,216,400,0.54,0.571,93,136,0.684,29,256,285,169,46,21,95,114,837,FALSE
"CLE","Channing Frye",7807579,"C",32,83,255,1983-05-17,"us","9","University of Arizona",26,3,446,71,161,0.441,43,114,0.377,28,47,0.596,0.575,11,14,0.786,12,81,93,26,8,8,13,56,196,FALSE
"DAL","Charlie Villanueva",1499187,"PF",31,83,232,1984-08-24,"us","10","University of Connecticut",62,4,665,125,327,0.382,47,172,0.273,78,155,0.503,0.454,22,24,0.917,24,128,152,24,18,15,31,71,319,FALSE
"IND","Chase Budinger",5258082,"SF",27,79,209,1988-05-22,"us","6","University of Arizona",49,2,729,81,194,0.418,20,69,0.29,61,125,0.488,0.469,34,48,0.708,31,90,121,49,29,9,31,46,216,TRUE
"MIA","Chris Andersen",5e+06,"C",37,82,245,1978-07-07,"us","13","Blinn College",7,1,36,4,10,0.4,2,5,0.4,2,5,0.4,0.5,3,4,0.75,3,6,9,3,1,3,2,4,13,FALSE
"MIA","Chris Bosh",22192730,"PF",31,83,235,1984-03-24,"us","12","Georgia Institute of Technology",53,53,1778,358,767,0.467,81,222,0.365,277,545,0.508,0.52,213,268,0.795,48,342,390,128,36,34,78,101,1010,FALSE
"MIL","Chris Copeland",1100000,"PF",31,81,239,1984-03-17,"us","3","University of Colorado",24,1,156,17,51,0.333,10,36,0.278,7,15,0.467,0.431,6,7,0.857,1,9,10,11,2,0,6,17,50,FALSE
"UTA","Chris Johnson",981348,"SF",25,78,206,1990-04-29,"us","3","University of Dayton",70,2,857,72,194,0.371,27,99,0.273,45,95,0.474,0.441,34,42,0.81,27,105,132,45,32,20,40,100,205,FALSE
"POR","Chris Kaman",5e+06,"C",33,84,265,1982-04-28,"us","12","Central Michigan University",16,2,112,20,43,0.465,1,4,0.25,19,39,0.487,0.477,3,3,1,7,17,24,11,1,1,8,15,44,FALSE
"BRK","Chris McCullough",1140240,"PF",20,83,200,1995-02-05,"us","0","Syracuse University",24,4,362,44,109,0.404,13,34,0.382,31,75,0.413,0.463,11,23,0.478,25,43,68,9,28,12,15,39,112,FALSE
"LAC","Chris Paul",21468696,"PG",30,72,175,1985-05-06,"us","10","Wake Forest University",74,74,2420,515,1114,0.462,122,329,0.371,393,785,0.501,0.517,294,328,0.896,39,271,310,738,152,13,194,185,1446,FALSE
"PHI","Christian Wood",305789,"PF",20,83,220,1995-09-27,"us","0","University of Nevada, Las Vegas",17,0,145,22,53,0.415,4,11,0.364,18,42,0.429,0.453,13,21,0.619,13,25,38,3,5,7,2,11,61,FALSE
"HOU","Chuck Hayes",83583,"C",32,78,240,1983-06-11,"us","10","University of Kentucky",2,0,24,1,2,0.5,0,0,NA,1,2,0.5,0.5,2,2,1,0,8,8,2,0,0,3,6,4,FALSE
"NYK","Cleanthony Early",845059,"SF",24,80,210,1991-04-17,"us","1","Wichita State University",17,2,154,12,40,0.3,4,15,0.267,8,25,0.32,0.35,3,4,0.75,4,22,26,6,2,3,9,16,31,FALSE
"POR","Cliff Alexander",525093,"PF",20,80,245,1995-11-16,"us","0","University of Kansas",8,0,36,5,10,0.5,0,0,NA,5,10,0.5,0.5,0,0,NA,2,4,6,0,1,2,1,1,10,FALSE
"HOU","Clint Capela",1242720,"C",21,82,240,1994-05-18,"ch","1","",77,35,1471,231,397,0.582,0,1,0,231,396,0.583,0.582,80,211,0.379,194,300,494,47,59,92,60,190,542,FALSE
"CHO","Cody Zeller",4204200,"C",23,84,240,1992-10-05,"us","2","Indiana University",73,60,1774,231,437,0.529,1,10,0.1,230,427,0.539,0.53,175,232,0.754,138,317,455,71,57,63,68,204,638,FALSE
"LAC","Cole Aldrich",1100600,"C",27,83,250,1988-10-31,"us","5","University of Kansas",60,5,800,134,225,0.596,0,0,NA,134,225,0.596,0.596,60,84,0.714,86,202,288,50,47,68,64,139,328,FALSE
"HOU","Corey Brewer",8200000,"SF",29,81,186,1986-03-05,"us","8","University of Florida",82,12,1669,212,552,0.384,61,224,0.272,151,328,0.46,0.439,105,140,0.75,42,157,199,109,84,19,78,168,590,FALSE
"PHO","Cory Jefferson",421449,"PF",25,81,218,1990-12-26,"us","1","Baylor University",8,0,50,9,22,0.409,0,1,0,9,21,0.429,0.409,4,6,0.667,6,10,16,0,0,1,0,8,22,FALSE
"TOR","Cory Joseph",7e+06,"SG",24,75,193,1991-08-20,"ca","4","University of Texas at Austin",80,4,2046,257,585,0.439,30,110,0.273,227,475,0.478,0.465,133,174,0.764,39,171,210,250,63,20,102,131,677,FALSE
"BOS","Coty Clarke",61776,"SF",23,79,232,1992-07-04,"us","0","University of Arkansas",3,0,6,2,4,0.5,2,2,1,0,2,0,0.75,0,0,NA,0,1,1,0,0,0,1,0,6,FALSE
"CHO","Courtney Lee",5675000,"SG",30,77,200,1985-10-03,"us","7","Western Kentucky University",28,28,845,98,220,0.445,31,79,0.392,67,141,0.475,0.516,23,26,0.885,10,77,87,60,33,12,23,55,250,FALSE
"CHI","Cristiano Felicio",525090,"C",23,82,275,1992-07-07,"br","0","",31,4,321,40,72,0.556,0,4,0,40,68,0.588,0.556,25,35,0.714,30,72,102,26,6,13,13,31,105,FALSE
"LAL","D'Angelo Russell",5103120,"PG",19,77,195,1996-02-23,"us","0","Ohio State University",80,48,2259,392,956,0.41,130,370,0.351,262,586,0.447,0.478,140,190,0.737,47,227,274,266,93,13,196,142,1054,FALSE
"OKC","D.J. Augustin",3e+06,"PG",28,72,183,1987-11-10,"us","7","University of Texas at Austin",34,0,519,46,121,0.38,24,61,0.393,22,60,0.367,0.479,26,34,0.765,5,38,43,66,13,2,30,41,142,FALSE
"CLE","Dahntay Jones",8819,"SF",35,78,225,1980-12-27,"us","11","Duke University",1,0,42,6,14,0.429,1,2,0.5,5,12,0.417,0.464,0,0,NA,1,4,5,2,1,2,0,6,13,FALSE
"POR","Damian Lillard",4236287,"PG",25,75,195,1990-07-15,"us","3","Weber State University",75,75,2676,618,1474,0.419,229,610,0.375,389,864,0.45,0.497,414,464,0.892,45,257,302,512,65,28,242,165,1879,FALSE
"MIL","Damien Inglis",855000,"SF",20,80,246,1995-05-20,"gf","0","",20,1,156,13,37,0.351,3,13,0.231,10,24,0.417,0.392,7,8,0.875,2,29,31,10,6,3,11,11,36,FALSE
"MIN","Damjan Rudez",1149500,"SF",29,82,228,1986-06-17,"hr","1","",33,0,277,25,62,0.403,17,50,0.34,8,12,0.667,0.54,8,8,1,5,15,20,11,3,1,13,33,75,FALSE
"DEN","Danilo Gallinari",1.4e+07,"SF",27,82,225,1988-08-08,"it","6","",53,53,1839,287,700,0.41,87,239,0.364,200,461,0.434,0.472,375,432,0.868,52,229,281,135,42,19,77,87,1036,FALSE
"SAS","Danny Green",1e+07,"SG",28,78,215,1987-06-22,"us","6","University of North Carolina",79,79,2062,211,561,0.376,116,349,0.332,95,212,0.448,0.48,34,46,0.739,48,255,303,141,79,64,75,141,572,FALSE
"NOP","Dante Cunningham",3e+06,"SF",28,80,230,1987-04-22,"us","6","Villanova University",80,46,1971,186,412,0.451,55,174,0.316,131,238,0.55,0.518,57,82,0.695,57,179,236,77,42,33,41,173,484,FALSE
"DEN","Darrell Arthur",2814000,"PF",27,81,235,1988-03-25,"us","6","University of Kansas",70,16,1516,221,489,0.452,45,117,0.385,176,372,0.473,0.498,40,53,0.755,86,207,293,96,53,48,66,185,527,FALSE
"SAC","Darren Collison",5013559,"PG",28,72,175,1987-08-23,"us","6","University of California, Los Angeles",74,15,2219,377,776,0.486,87,217,0.401,290,559,0.519,0.542,194,226,0.858,28,141,169,318,76,4,130,142,1035,FALSE
"DET","Darrun Hilliard",525093,"SG",22,78,205,1993-04-13,"us","0","Villanova University",38,2,383,52,131,0.397,19,50,0.38,33,81,0.407,0.469,29,40,0.725,5,40,45,27,9,1,19,28,152,FALSE
"BOS","David Lee",17595904,"PF",32,81,245,1983-04-29,"us","10","University of Florida",30,4,470,87,192,0.453,0,1,0,87,191,0.455,0.453,40,51,0.784,41,89,130,54,12,13,38,51,214,TRUE
"SAS","David West",1499000,"PF",35,81,250,1980-08-29,"us","12","Xavier University",78,19,1404,244,448,0.545,3,7,0.429,241,441,0.546,0.548,63,80,0.788,72,237,309,143,44,55,68,142,554,FALSE
"LAC","DeAndre Jordan",19500000,"C",27,83,265,1988-07-21,"us","7","Texas A&M University",77,77,2598,357,508,0.703,0,1,0,357,507,0.704,0.703,266,619,0.43,267,792,1059,90,51,177,107,207,980,FALSE
"WAS","DeJuan Blair",2e+06,"C",26,79,270,1989-04-22,"us","6","University of Pittsburgh",29,0,218,28,68,0.412,0,1,0,28,67,0.418,0.412,5,13,0.385,20,37,57,11,8,2,15,53,61,FALSE
"TOR","Delon Wright",1509360,"PG",23,77,183,1992-04-26,"us","0","University of Utah",27,1,229,36,80,0.45,5,13,0.385,31,67,0.463,0.481,26,35,0.743,8,29,37,31,8,3,16,7,103,FALSE
"TOR","DeMar DeRozan",9500000,"SG",26,79,221,1989-08-07,"us","6","University of Southern California",78,78,2804,614,1377,0.446,47,139,0.338,567,1238,0.458,0.463,555,653,0.85,64,285,349,315,81,21,175,167,1830,FALSE
"SAC","DeMarcus Cousins",14728844,"C",25,83,270,1990-08-13,"us","5","University of Kentucky",65,65,2246,601,1332,0.451,70,210,0.333,531,1122,0.473,0.477,476,663,0.718,158,589,747,214,101,92,249,236,1748,FALSE
"TOR","DeMarre Carroll",13500000,"SF",29,80,215,1986-07-27,"us","6","University of Missouri",26,22,786,105,270,0.389,46,118,0.39,59,152,0.388,0.474,30,50,0.6,31,91,122,27,44,6,28,63,286,FALSE
"ATL","Dennis Schroder",1763400,"PG",22,73,172,1993-09-15,"de","2","",80,6,1621,329,781,0.421,77,239,0.322,252,542,0.465,0.471,144,182,0.791,25,179,204,349,70,9,183,138,879,FALSE
"DAL","Deron Williams",1.1e+07,"PG",31,75,200,1984-06-26,"us","10","University of Illinois at Urbana-Champaign",65,63,2106,321,775,0.414,97,282,0.344,224,493,0.454,0.477,179,206,0.869,19,171,190,378,61,14,150,155,918,TRUE
"UTA","Derrick Favors",11933333,"PF",24,82,265,1991-07-15,"us","5","Georgia Institute of Technology",62,59,1983,418,811,0.515,0,4,0,418,807,0.518,0.515,180,254,0.709,169,334,503,94,74,91,104,150,1016,FALSE
"CHI","Derrick Rose",20093063,"PG",27,75,190,1988-10-04,"us","6","University of Memphis",66,66,2097,447,1048,0.427,44,150,0.293,403,898,0.449,0.448,142,179,0.793,46,179,225,311,44,14,175,84,1080,FALSE
"NYK","Derrick Williams",4900000,"SF",24,80,240,1991-05-25,"us","4","University of Arizona",80,9,1435,254,565,0.45,44,150,0.293,210,415,0.506,0.488,194,256,0.758,47,249,296,75,29,9,61,69,746,FALSE
"PHO","Devin Booker",2127840,"SG",19,78,206,1996-10-30,"us","0","University of Kentucky",76,51,2108,367,867,0.423,99,289,0.343,268,578,0.464,0.48,215,256,0.84,27,160,187,200,44,20,160,225,1048,FALSE
"DAL","Devin Harris",4053000,"PG",32,75,192,1983-02-27,"us","11","University of Wisconsin",64,0,1280,167,374,0.447,52,158,0.329,115,216,0.532,0.516,101,140,0.721,18,120,138,118,60,13,66,124,487,FALSE
"ORL","Devyn Marble",845059,"SG",23,78,200,1992-09-21,"us","1","University of Iowa",28,0,249,21,71,0.296,8,32,0.25,13,39,0.333,0.352,10,24,0.417,6,32,38,12,13,1,7,25,60,FALSE
"ORL","Dewayne Dedmon",947278,"C",26,84,245,1989-08-12,"us","2","University of Southern California",58,20,705,99,177,0.559,0,0,NA,99,177,0.559,0.559,57,76,0.75,67,161,228,13,22,46,32,109,255,FALSE
"OKC","Dion Waiters",5138430,"SG",24,76,225,1991-12-10,"us","3","Syracuse University",78,15,2152,282,706,0.399,86,240,0.358,196,466,0.421,0.46,112,157,0.713,36,166,202,154,81,15,120,143,762,FALSE
"DAL","Dirk Nowitzki",8333334,"PF",37,84,245,1978-06-19,"de","17","",75,75,2364,498,1112,0.448,126,342,0.368,372,770,0.483,0.504,250,280,0.893,52,437,489,132,52,52,84,161,1372,FALSE
"BRK","Donald Sloan",1015421,"PG",28,75,205,1988-01-15,"us","4","Texas A&M University",61,33,1318,154,350,0.44,38,99,0.384,116,251,0.462,0.494,78,104,0.75,17,156,173,268,32,4,80,73,424,FALSE
"HOU","Donatas Motiejunas",2288205,"PF",25,84,222,1990-09-20,"lt","3","",37,22,547,90,205,0.439,16,57,0.281,74,148,0.5,0.478,34,53,0.642,37,72,109,41,17,5,44,69,230,FALSE
"CHI","Doug McDermott",2380440,"SF",24,80,225,1992-01-03,"us","1","Creighton University",81,4,1861,291,644,0.452,110,259,0.425,181,385,0.47,0.537,72,84,0.857,37,158,195,59,14,6,53,127,764,FALSE
"GSW","Draymond Green",14300000,"PF",25,79,230,1990-03-04,"us","3","Michigan State University",81,81,2808,401,819,0.49,100,258,0.388,301,561,0.537,0.551,229,329,0.696,134,635,769,598,119,113,259,240,1131,FALSE
"WAS","Drew Gooden",3300000,"PF",34,82,250,1981-09-24,"us","13","University of Kansas",30,0,305,33,103,0.32,7,41,0.171,26,62,0.419,0.354,9,14,0.643,28,57,85,13,8,11,13,40,82,FALSE
"SAC","Duje Dukan",525093,"SF",24,81,220,1991-12-04,"hr","0","University of Wisconsin",1,0,24,2,10,0.2,2,5,0.4,0,5,0,0.3,0,0,NA,2,2,4,1,1,0,0,2,6,FALSE
"HOU","Dwight Howard",22359364,"C",30,83,265,1985-12-08,"us","11","",71,71,2280,372,600,0.62,0,6,0,372,594,0.626,0.62,232,474,0.489,238,597,835,98,69,113,166,219,976,FALSE
"DAL","Dwight Powell",845059,"PF",24,83,240,1991-07-20,"ca","1","Stanford University",69,2,992,146,296,0.493,2,16,0.125,144,280,0.514,0.497,105,142,0.739,84,189,273,44,36,24,40,118,399,FALSE
"MIA","Dwyane Wade",2e+07,"SG",34,76,220,1982-01-17,"us","12","Marquette University",74,73,2258,540,1183,0.456,7,44,0.159,533,1139,0.468,0.459,322,406,0.793,82,220,302,344,79,42,203,116,1409,FALSE
"CHI","E'Twaun Moore",1015421,"SG",26,76,191,1989-02-28,"us","4","Purdue University",59,22,1263,187,389,0.481,47,104,0.452,140,285,0.491,0.541,22,35,0.629,19,114,133,99,37,18,53,103,443,FALSE
"POR","Ed Davis",7e+06,"PF",26,82,240,1989-06-05,"us","5","University of North Carolina",81,0,1684,206,337,0.611,0,0,NA,206,337,0.611,0.611,114,204,0.559,224,375,599,88,57,72,64,202,526,FALSE
"ORL","Elfrid Payton",2505720,"PG",21,76,185,1994-02-22,"us","1","University of Louisiana at Lafayette",73,69,2145,318,730,0.436,30,92,0.326,288,638,0.451,0.456,112,190,0.589,77,184,261,468,89,20,177,159,778,FALSE
"UTA","Elijah Millsap",362878,"SG",28,78,225,1987-08-12,"us","1","University of Alabama at Birmingham",20,0,173,11,39,0.282,1,12,0.083,10,27,0.37,0.295,13,18,0.722,6,29,35,19,7,3,9,33,36,FALSE
"MEM","Elliot Williams",135722,"PG",26,77,190,1989-06-20,"us","3","University of Memphis",5,0,45,2,10,0.2,1,4,0.25,1,6,0.167,0.25,3,4,0.75,1,3,4,4,0,0,1,2,8,TRUE
"PHI","Elton Brand",890693,"C",36,80,275,1979-03-11,"us","16","Duke University",17,1,225,31,72,0.431,0,1,0,31,71,0.437,0.431,8,9,0.889,9,54,63,18,9,8,11,32,70,FALSE
"DEN","Emmanuel Mudiay",3102240,"PG",19,77,200,1996-03-05,"cd","0","",68,66,2068,329,905,0.364,74,232,0.319,255,673,0.379,0.404,140,209,0.67,32,200,232,372,65,35,217,141,872,FALSE
"OKC","Enes Kanter",16400000,"C",23,83,245,1992-05-20,"ch","4","",82,1,1721,414,719,0.576,10,21,0.476,404,698,0.579,0.583,200,251,0.797,249,415,664,33,26,33,115,166,1038,FALSE
"PHO","Eric Bledsoe",13086957,"PG",26,73,190,1989-12-09,"us","5","University of Kentucky",31,31,1059,223,492,0.453,48,129,0.372,175,363,0.482,0.502,138,172,0.802,18,107,125,190,63,19,110,75,632,FALSE
"NOP","Eric Gordon",15514031,"SG",27,76,215,1988-12-25,"us","7","Indiana University",45,44,1481,231,552,0.418,113,294,0.384,118,258,0.457,0.521,111,125,0.888,10,89,99,121,43,14,73,98,686,FALSE
"SAC","Eric Moreland",845059,"PF",24,82,238,1991-12-24,"us","1","Oregon State University",8,0,48,3,6,0.5,0,0,NA,3,6,0.5,0.5,2,4,0.5,3,8,11,1,0,4,3,4,8,FALSE
"UTA","Erick Green",199418,"PG",24,76,185,1991-05-09,"us","1","Virginia Polytechnic Institute and State University",6,0,35,5,12,0.417,1,4,0.25,4,8,0.5,0.458,2,2,1,3,2,5,2,1,0,0,4,13,TRUE
"DET","Ersan Ilyasova",7900000,"PF",28,82,235,1987-05-15,"tr","7","",52,52,1434,216,508,0.425,78,215,0.363,138,293,0.471,0.502,79,109,0.725,99,183,282,55,38,27,59,120,589,FALSE
"ORL","Evan Fournier",2288205,"SF",23,79,205,1992-10-29,"fr","3","",79,71,2566,429,929,0.462,156,390,0.4,273,539,0.506,0.546,199,238,0.836,33,192,225,213,96,2,133,214,1213,FALSE
"BOS","Evan Turner",3425510,"SG",27,79,220,1988-10-27,"us","5","Ohio State University",81,12,2271,343,753,0.456,20,83,0.241,323,670,0.482,0.469,148,179,0.827,50,347,397,359,80,28,169,139,854,FALSE
"GSW","Festus Ezeli",2008748,"C",26,83,255,1989-10-21,"ng","2","Vanderbilt University",46,13,770,125,228,0.548,0,0,NA,125,228,0.548,0.548,70,132,0.53,91,166,257,32,18,50,38,94,320,FALSE
"CHO","Frank Kaminsky",2612500,"C",22,84,242,1993-04-04,"us","0","University of Wisconsin",81,3,1708,215,525,0.41,68,202,0.337,147,323,0.455,0.474,108,148,0.73,69,266,335,98,38,43,58,126,606,FALSE
"WAS","Garrett Temple",1100602,"SF",29,78,195,1986-05-08,"us","5","Louisiana State University",80,43,1951,201,505,0.398,89,258,0.345,112,247,0.453,0.486,91,125,0.728,36,176,212,140,69,18,64,195,582,FALSE
"DEN","Gary Harris",1587480,"SG",21,76,210,1994-09-14,"us","1","Michigan State University",76,76,2439,359,765,0.469,105,297,0.354,254,468,0.543,0.538,109,133,0.82,54,166,220,147,97,18,98,143,932,FALSE
"WAS","Gary Neal",2100000,"SG",31,76,210,1984-10-03,"us","5","Towson University",40,2,807,151,325,0.465,41,100,0.41,110,225,0.489,0.528,47,55,0.855,11,72,83,47,20,1,29,55,390,FALSE
"IND","George Hill",8e+06,"PG",29,75,188,1986-05-04,"us","7","Indiana University-Purdue University Indianapolis",74,73,2524,326,739,0.441,128,314,0.408,198,425,0.466,0.528,114,150,0.76,58,240,298,259,83,17,101,149,894,FALSE
"MIA","Gerald Green",1356000,"SG",30,79,205,1986-01-26,"us","8","",69,14,1557,230,587,0.392,84,260,0.323,146,327,0.446,0.463,72,92,0.783,25,138,163,56,38,19,46,123,616,FALSE
"POR","Gerald Henderson",6e+06,"SG",28,77,215,1987-12-09,"us","6","Duke University",72,0,1431,232,529,0.439,48,136,0.353,184,393,0.468,0.484,112,146,0.767,30,181,211,75,39,19,68,87,624,FALSE
"MIL","Giannis Antetokounmpo",1953960,"PG",21,83,222,1994-12-06,"gr","2","",80,79,2823,513,1013,0.506,28,109,0.257,485,904,0.537,0.52,296,409,0.724,113,499,612,345,94,113,208,258,1350,FALSE
"IND","Glenn Robinson",845000,"SF",22,78,222,1994-01-08,"us","1","University of Michigan",45,4,508,65,151,0.43,14,37,0.378,51,114,0.447,0.477,27,39,0.692,12,56,68,26,17,9,18,21,171,FALSE
"MIA","Goran Dragic",14780000,"PG",29,75,190,1986-05-06,"si","7","",72,72,2363,417,875,0.477,64,205,0.312,353,670,0.527,0.513,120,165,0.727,54,223,277,419,71,17,185,188,1018,FALSE
"UTA","Gordon Hayward",15409570,"SF",25,80,226,1990-03-23,"us","5","Butler University",80,80,2893,521,1202,0.433,143,410,0.349,378,792,0.477,0.493,393,477,0.824,61,336,397,296,95,27,202,183,1578,FALSE
"MIN","Gorgui Dieng",1474440,"C",26,83,241,1990-01-18,"sn","2","University of Louisville",82,39,2220,308,579,0.532,6,20,0.3,302,559,0.54,0.537,205,248,0.827,157,428,585,143,94,96,140,219,827,FALSE
"MIL","Greg Monroe",16400000,"C",25,83,265,1990-06-04,"us","5","Georgetown University",79,67,2314,491,941,0.522,0,1,0,491,940,0.522,0.522,228,308,0.74,218,478,696,178,72,67,129,163,1210,FALSE
"MIN","Greg Smith",247623,"PF",25,82,250,1991-01-08,"us","4","California State University, Fresno",18,0,192,18,32,0.563,0,0,NA,18,32,0.563,0.563,7,17,0.412,12,30,42,6,4,1,7,28,43,FALSE
"MIL","Greivis Vasquez",6600000,"PG",29,78,217,1987-01-16,"ve","5","University of Maryland",23,0,460,45,138,0.326,18,73,0.247,27,65,0.415,0.391,22,26,0.846,5,42,47,91,10,0,40,42,130,FALSE
"GSW","Harrison Barnes",3873398,"SF",23,80,210,1992-05-30,"us","3","University of North Carolina",66,59,2042,295,633,0.466,82,214,0.383,213,419,0.508,0.531,102,134,0.761,77,248,325,117,41,10,57,136,774,FALSE
"MIA","Hassan Whiteside",981348,"C",26,84,265,1989-06-13,"us","3","Marshall University",73,43,2125,413,682,0.606,0,0,NA,413,682,0.606,0.606,214,329,0.65,238,627,865,30,44,269,137,201,1040,FALSE
"BRK","Henry Sims",161622,"C",25,82,248,1990-03-27,"us","3","Georgetown University",14,4,263,33,77,0.429,0,0,NA,33,77,0.429,0.429,25,30,0.833,21,51,72,9,9,14,12,37,91,FALSE
"PHI","Hollis Thompson",947276,"SG",24,80,206,1991-04-03,"us","2","Georgetown University",77,17,2154,270,680,0.397,149,392,0.38,121,288,0.42,0.507,69,96,0.719,54,218,272,99,36,24,76,187,758,FALSE
"GSW","Ian Clark",947276,"SG",24,75,175,1991-03-07,"us","2","Belmont University",66,1,578,89,202,0.441,30,84,0.357,59,118,0.5,0.515,28,34,0.824,13,55,68,64,17,13,43,58,236,FALSE
"IND","Ian Mahinmi",4e+06,"C",29,83,250,1986-11-05,"fr","7","",71,71,1816,264,448,0.589,0,0,NA,264,448,0.589,0.589,132,225,0.587,138,369,507,104,65,75,100,220,660,FALSE
"CLE","Iman Shumpert",9e+06,"SG",25,77,220,1990-06-26,"us","4","Georgia Institute of Technology",54,5,1316,114,305,0.374,43,146,0.295,71,159,0.447,0.444,40,51,0.784,32,171,203,92,54,19,57,119,311,FALSE
"PHI","Isaiah Canaan",947276,"SG",24,72,201,1991-05-21,"us","2","Murray State University",77,39,1966,260,722,0.36,176,485,0.363,84,237,0.354,0.482,150,180,0.833,20,154,174,137,56,12,91,133,846,FALSE
"BOS","Isaiah Thomas",6912869,"PG",26,69,185,1989-02-07,"us","4","University of Washington",82,79,2644,591,1382,0.428,167,465,0.359,424,917,0.462,0.488,474,544,0.871,46,197,243,509,91,9,220,167,1823,FALSE
"PHI","Ish Smith",1100602,"PG",27,72,175,1988-07-05,"us","5","Wake Forest University",50,50,1622,299,739,0.405,46,137,0.336,253,602,0.42,0.436,89,133,0.669,29,184,213,348,64,18,130,95,733,FALSE
"DAL","J.J. Barea",4e+06,"PG",31,72,185,1984-06-26,"pr","9","Northeastern University",74,16,1667,317,711,0.446,100,260,0.385,217,451,0.481,0.516,74,96,0.771,26,126,152,302,26,2,113,110,808,FALSE
"WAS","J.J. Hickson",5979837,"C",27,81,242,1988-09-04,"us","7","North Carolina State University",15,0,131,25,46,0.543,0,1,0,25,45,0.556,0.543,19,44,0.432,17,28,45,7,5,2,9,12,69,TRUE
"UTA","J.J. O'Brien",105888,"SF",23,79,228,1992-04-08,"us","0","San Diego State University",2,0,6,0,1,0,0,0,NA,0,1,0,0,0,0,NA,0,1,1,0,1,0,0,1,0,FALSE
"LAC","J.J. Redick",6867000,"SG",31,76,190,1984-06-24,"us","9","Duke University",75,75,2097,422,880,0.48,200,421,0.475,222,459,0.484,0.593,182,205,0.888,10,129,139,106,42,5,78,135,1226,FALSE
"CLE","J.R. Smith",5e+06,"SG",30,78,225,1985-09-09,"us","11","",77,77,2362,353,850,0.415,204,510,0.4,149,340,0.438,0.535,45,71,0.634,43,174,217,130,81,21,59,204,955,FALSE
"MIL","Jabari Parker",5152440,"PF",20,80,250,1995-03-15,"us","1","Duke University",76,72,2408,443,899,0.493,9,35,0.257,434,864,0.502,0.498,175,228,0.768,123,272,395,130,69,29,116,154,1070,FALSE
"BOS","Jae Crowder",6e+06,"SF",25,78,235,1990-07-06,"us","3","Marquette University",73,73,2308,360,813,0.443,122,363,0.336,238,450,0.529,0.518,196,239,0.82,70,303,373,135,126,35,83,198,1038,FALSE
"PHI","Jahlil Okafor",4582680,"C",20,83,275,1995-12-15,"us","0","Duke University",53,48,1591,397,781,0.508,1,6,0.167,396,775,0.511,0.509,133,194,0.686,122,251,373,65,22,61,124,140,928,FALSE
"PHI","JaKarr Sampson",1130548,"SF",22,81,214,1993-03-20,"us","1","St. John's University",47,18,691,86,202,0.426,6,34,0.176,80,168,0.476,0.441,62,97,0.639,30,99,129,30,11,16,51,91,240,TRUE
"LAC","Jamal Crawford",5675000,"SG",35,77,200,1980-03-20,"us","15","University of Michigan",79,5,2126,379,939,0.404,117,344,0.34,262,595,0.44,0.466,245,271,0.904,20,125,145,183,52,12,113,122,1120,FALSE
"DEN","Jameer Nelson",4500000,"PG",33,72,190,1982-02-09,"us","11","Saint Joseph's University",39,15,1036,113,307,0.368,43,144,0.299,70,163,0.429,0.438,30,35,0.857,19,96,115,190,25,5,66,100,299,FALSE
"SAC","James Anderson",1015421,"SG",26,78,213,1989-03-25,"us","4","Oklahoma State University",51,15,721,67,178,0.376,23,86,0.267,44,92,0.478,0.441,22,29,0.759,13,73,86,41,21,14,42,54,179,FALSE
"MIA","James Ennis",919623,"SF",25,79,210,1990-07-01,"us","1","California State University, Long Beach",3,0,7,0,0,NA,0,0,NA,0,0,NA,NA,0,0,NA,0,0,0,1,0,0,0,1,0,TRUE
"HOU","James Harden",15756438,"SG",26,77,220,1989-08-26,"us","6","Arizona State University",82,82,3125,710,1617,0.439,236,657,0.359,474,960,0.494,0.512,720,837,0.86,63,438,501,612,139,51,374,229,2376,FALSE
"TOR","James Johnson",2500000,"PF",28,81,250,1987-02-20,"us","6","Wake Forest University",57,32,926,114,240,0.475,20,66,0.303,94,174,0.54,0.517,39,68,0.574,28,98,126,67,29,33,54,84,287,FALSE
"CLE","James Jones",1499000,"SF",35,80,218,1980-10-04,"us","12","University of Miami",48,0,463,58,142,0.408,41,104,0.394,17,38,0.447,0.553,21,26,0.808,8,42,50,14,11,10,13,50,178,FALSE
"GSW","James Michael McAdoo",845059,"PF",23,81,230,1993-01-04,"us","1","University of North Carolina",41,1,262,45,84,0.536,1,2,0.5,44,82,0.537,0.542,26,49,0.531,30,28,58,17,10,8,16,39,117,FALSE
"BOS","James Young",1749840,"SG",20,78,215,1995-08-16,"us","1","University of Kentucky",29,0,199,11,36,0.306,6,26,0.231,5,10,0.5,0.389,1,4,0.25,4,22,26,9,6,1,5,17,29,FALSE
"MEM","JaMychal Green",845059,"PF",25,81,227,1990-06-21,"us","1","University of Alabama",78,15,1446,230,495,0.465,15,45,0.333,215,450,0.478,0.48,103,137,0.752,139,234,373,67,46,33,83,189,578,FALSE
"CLE","Jared Cunningham",1039074,"SG",24,76,195,1991-05-22,"us","3","Oregon State University",40,3,355,32,91,0.352,10,32,0.313,22,59,0.373,0.407,30,48,0.625,3,26,29,19,12,2,18,37,104,TRUE
"WAS","Jared Dudley",4250000,"PF",30,79,225,1985-07-10,"us","8","Boston College",81,41,2098,233,487,0.478,100,238,0.42,133,249,0.534,0.581,72,98,0.735,54,232,286,170,75,18,80,190,638,FALSE
"BOS","Jared Sullinger",2269260,"PF",23,81,260,1992-03-04,"us","3","Ohio State University",81,73,1915,351,806,0.435,29,103,0.282,322,703,0.458,0.453,103,161,0.64,194,479,673,187,75,47,102,209,834,FALSE
"WAS","Jarell Eddie",561716,"SF",24,79,218,1991-10-30,"us","0","Virginia Polytechnic Institute and State University",26,0,147,20,65,0.308,15,47,0.319,5,18,0.278,0.423,8,8,1,2,21,23,5,5,1,1,5,63,FALSE
"MEM","Jarell Martin",1230840,"PF",21,82,239,1994-05-24,"us","0","Louisiana State University",27,0,380,54,116,0.466,0,2,0,54,114,0.474,0.466,45,62,0.726,39,47,86,15,8,7,19,58,153,FALSE
"MIA","Jarnell Stokes",845059,"C",22,81,263,1994-01-07,"us","1","University of Tennessee",5,0,14,3,5,0.6,0,0,NA,3,5,0.6,0.6,1,2,0.5,0,2,2,1,1,0,0,1,7,FALSE
"BRK","Jarrett Jack",6300000,"PG",32,75,200,1983-10-28,"us","10","Georgia Institute of Technology",32,32,1027,140,358,0.391,31,102,0.304,109,256,0.426,0.434,100,112,0.893,9,127,136,236,34,7,94,77,411,FALSE
"ORL","Jason Smith",4300000,"C",29,84,245,1986-03-02,"us","7","Colorado State University",76,2,1181,244,503,0.485,4,16,0.25,240,487,0.493,0.489,54,67,0.806,53,166,219,62,33,65,57,163,546,FALSE
"HOU","Jason Terry",1499187,"SG",38,74,185,1977-09-15,"us","16","University of Arizona",72,7,1258,151,376,0.402,93,261,0.356,58,115,0.504,0.525,27,33,0.818,14,65,79,103,47,9,49,91,422,FALSE
"TOR","Jason Thompson",6760205,"C",29,83,250,1986-07-21,"us","7","Rider University",19,6,292,32,66,0.485,5,15,0.333,27,51,0.529,0.523,18,22,0.818,22,58,80,10,8,12,8,40,87,TRUE
"DAL","JaVale McGee",13270964,"C",28,84,270,1988-01-19,"us","7","University of Nevada, Reno",34,2,370,77,134,0.575,0,1,0,77,133,0.579,0.575,18,36,0.5,53,80,133,3,5,26,21,49,172,TRUE
"LAC","Jeff Ayres",317232,"C",28,81,240,1987-04-29,"us","5","Arizona State University",17,0,107,12,23,0.522,0,1,0,12,22,0.545,0.522,6,6,1,4,18,22,5,0,3,6,18,30,FALSE
"LAC","Jeff Green",9200000,"SF",29,81,235,1986-08-28,"us","7","Georgetown University",27,10,709,114,267,0.427,25,77,0.325,89,190,0.468,0.474,40,65,0.615,19,72,91,40,18,21,24,62,293,FALSE
"ATL","Jeff Teague",8e+06,"PG",27,74,186,1988-06-10,"us","6","Wake Forest University",79,78,2255,434,988,0.439,110,275,0.4,324,713,0.454,0.495,261,312,0.837,33,181,214,470,97,24,218,167,1239,FALSE
"UTA","Jeff Withey",947276,"C",25,84,231,1990-03-07,"us","2","University of Kansas",51,10,658,87,162,0.537,0,2,0,87,160,0.544,0.537,43,59,0.729,56,117,173,20,21,53,28,75,217,FALSE
"PHI","Jerami Grant",845059,"SF",21,80,210,1994-03-12,"us","1","Syracuse University",77,52,2066,251,599,0.419,35,146,0.24,216,453,0.477,0.448,212,322,0.658,99,262,361,135,54,127,110,215,749,FALSE
"DAL","Jeremy Evans",1100602,"SF",28,81,200,1987-10-24,"us","5","Western Kentucky University",30,2,251,26,48,0.542,4,16,0.25,22,32,0.688,0.583,15,21,0.714,11,43,54,2,6,9,7,19,71,FALSE
"CHO","Jeremy Lamb",3034356,"SG",23,77,185,1992-05-30,"us","3","University of Connecticut",66,0,1227,230,510,0.451,56,181,0.309,174,329,0.529,0.506,64,88,0.727,44,208,252,77,42,30,50,105,580,FALSE
"CHO","Jeremy Lin",2100000,"SG",27,75,200,1988-08-23,"us","5","Harvard University",78,13,2048,300,728,0.412,76,226,0.336,224,502,0.446,0.464,238,292,0.815,42,211,253,235,58,42,150,165,914,FALSE
"NYK","Jerian Grant",1572360,"PG",23,76,195,1992-10-09,"us","0","University of Notre Dame",76,6,1265,154,391,0.394,22,100,0.22,132,291,0.454,0.422,96,123,0.78,23,120,143,177,50,10,87,97,426,FALSE
"MIL","Jerryd Bayless",3e+06,"SG",27,75,200,1988-08-20,"us","7","University of Arizona",52,18,1505,185,437,0.423,101,231,0.437,84,206,0.408,0.539,70,90,0.778,21,120,141,163,47,11,73,111,541,FALSE
"NYK","Jimmer Fredette",622254,"SG",26,74,195,1989-02-25,"us","4","Brigham Young University",2,0,5,1,1,1,1,1,1,0,0,NA,1.5,4,5,0.8,0,0,0,0,0,0,1,1,7,TRUE
"CHI","Jimmy Butler",15260000,"SG",26,79,220,1989-09-14,"us","4","Marquette University",67,67,2474,470,1035,0.454,64,205,0.312,406,830,0.489,0.485,395,475,0.832,79,279,358,321,110,43,132,124,1399,FALSE
"CHI","Joakim Noah",13400000,"C",30,83,230,1985-02-25,"us","8","University of Florida",29,2,635,51,133,0.383,0,1,0,51,132,0.386,0.383,22,45,0.489,87,168,255,110,18,29,52,77,124,FALSE
"DET","Jodie Meeks",6270000,"SG",28,76,210,1987-08-21,"us","6","University of Kentucky",3,0,43,7,20,0.35,4,9,0.444,3,11,0.273,0.45,4,4,1,1,4,5,3,0,0,1,2,22,FALSE
"CLE","Joe Harris",845059,"SG",24,78,219,1991-09-07,"us","1","University of Virginia",5,0,15,1,4,0.25,1,4,0.25,0,0,NA,0.375,0,0,NA,0,3,3,2,0,0,1,1,3,FALSE
"UTA","Joe Ingles",2250000,"SF",28,80,226,1987-10-02,"au","1","",81,2,1241,124,291,0.426,81,210,0.386,43,81,0.531,0.565,13,18,0.722,19,132,151,96,55,4,65,98,342,FALSE
"MIA","Joe Johnson",25309344,"SF",34,79,240,1981-06-29,"us","14","University of Arkansas",24,24,769,130,251,0.518,35,84,0.417,95,167,0.569,0.588,26,34,0.765,15,53,68,86,21,2,43,46,321,TRUE
"IND","Joe Young",2500000,"PG",23,74,180,1992-06-27,"us","0","University of Oregon",41,0,384,62,169,0.367,10,46,0.217,52,123,0.423,0.396,20,25,0.8,6,44,50,65,15,0,33,30,154,FALSE
"DET","Joel Anthony",1709720,"C",33,81,245,1982-08-09,"ca","8","University of Nevada, Las Vegas",19,0,96,6,10,0.6,0,0,NA,6,10,0.6,0.6,6,8,0.75,8,13,21,1,2,12,2,15,18,FALSE
"DEN","Joffrey Lauvergne",2943221,"C",24,83,220,1991-09-30,"fr","1","",59,15,1041,195,380,0.513,13,53,0.245,182,327,0.557,0.53,62,69,0.899,77,213,290,56,13,15,54,115,465,FALSE
"MIL","John Henson",981000,"C",25,83,229,1990-12-28,"us","3","University of North Carolina",57,1,960,164,291,0.564,0,1,0,164,290,0.566,0.564,69,117,0.59,87,134,221,54,18,109,64,131,397,FALSE
"DAL","John Jenkins",15851950,"SG",24,76,215,1991-03-06,"us","3","Vanderbilt University",21,1,193,29,70,0.414,3,19,0.158,26,51,0.51,0.436,8,9,0.889,4,18,22,9,3,0,11,11,69,FALSE
"WAS","John Wall",845059,"PG",25,76,195,1990-09-06,"us","5","University of Kentucky",77,77,2784,572,1349,0.424,115,328,0.351,457,1021,0.448,0.467,272,344,0.791,42,337,379,789,145,59,318,159,1531,FALSE
"MIL","Johnny O'Bryant",1035000,"PF",22,81,257,1993-06-01,"us","1","Louisiana State University",66,4,857,86,209,0.411,1,1,1,85,208,0.409,0.414,27,40,0.675,65,111,176,32,18,8,31,100,200,FALSE
"PHO","Jon Leuer",5e+06,"PF",26,82,228,1989-05-14,"us","4","University of Wisconsin",67,27,1255,224,466,0.481,42,110,0.382,182,356,0.511,0.526,77,101,0.762,76,297,373,72,38,30,75,125,567,FALSE
"BOS","Jonas Jerebko",4660482,"PF",28,82,231,1987-03-02,"se","5","",78,0,1176,118,286,0.413,43,108,0.398,75,178,0.421,0.488,61,78,0.782,77,211,288,62,20,24,52,137,340,FALSE
"TOR","Jonas Valanciunas",525093,"C",23,84,265,1992-05-06,"lt","3","",60,59,1557,303,536,0.565,0,0,NA,303,536,0.565,0.565,162,213,0.761,184,363,547,42,25,80,85,158,768,FALSE
"SAS","Jonathon Simmons",1404600,"SG",26,78,195,1989-09-14,"us","0","University of Houston",55,2,813,122,242,0.504,18,47,0.383,104,195,0.533,0.541,69,92,0.75,16,80,96,58,24,5,53,103,331,FALSE
"MEM","Jordan Adams",845059,"SG",21,77,209,1994-07-08,"us","1","University of California, Los Angeles",2,0,15,2,6,0.333,0,1,0,2,5,0.4,0.333,3,5,0.6,0,2,2,3,3,0,2,2,7,FALSE
"LAL","Jordan Clarkson",191456,"SG",23,77,194,1992-06-07,"us","1","University of Missouri",79,79,2552,475,1098,0.433,111,320,0.347,364,778,0.468,0.483,164,204,0.804,93,220,313,192,88,7,135,168,1225,FALSE
"MEM","Jordan Farmar",119462,"PG",29,74,180,1986-11-30,"us","8","University of California, Los Angeles",12,10,291,42,100,0.42,16,45,0.356,26,55,0.473,0.5,10,10,1,4,21,25,37,15,2,18,22,110,FALSE
"NOP","Jordan Hamilton",4e+06,"SF",25,79,220,1990-10-06,"us","4","University of Texas at Austin",11,4,304,49,116,0.422,13,45,0.289,36,71,0.507,0.478,14,21,0.667,12,50,62,25,8,3,17,24,125,FALSE
"IND","Jordan Hill",234748,"C",28,82,235,1987-07-27,"us","6","University of Arizona",73,11,1513,278,549,0.506,0,1,0,278,548,0.507,0.506,89,125,0.712,156,295,451,87,36,37,92,155,645,TRUE
"CLE","Jordan McRae",1200000,"PG",24,78,185,1991-03-28,"us","0","University of Tennessee",15,1,113,23,52,0.442,7,11,0.636,16,41,0.39,0.51,9,13,0.692,2,10,12,15,0,1,9,10,62,FALSE
"BOS","Jordan Mickey",301444,"PF",21,80,235,1994-07-09,"us","0","Louisiana State University",16,0,57,8,22,0.364,0,0,NA,8,22,0.364,0.364,5,10,0.5,6,7,13,1,0,11,1,5,21,FALSE
"CHO","Jorge Gutierrez",7402812,"PG",27,75,191,1988-12-27,"mx","2","University of California",12,0,63,6,11,0.545,0,2,0,6,9,0.667,0.545,10,11,0.909,0,7,7,17,3,0,6,3,22,FALSE
"NYK","Jose Calderon",1140240,"PG",34,75,200,1981-09-28,"es","10","",72,72,2024,209,455,0.459,84,203,0.414,125,252,0.496,0.552,42,48,0.875,22,207,229,299,63,7,87,135,544,FALSE
"OKC","Josh Huestis",5543725,"PF",24,79,230,1991-12-19,"us","0","Stanford University",5,0,55,5,12,0.417,4,6,0.667,1,6,0.167,0.583,0,4,0,2,8,10,0,1,2,3,3,14,FALSE
"MIA","Josh McRoberts",525093,"PF",28,82,240,1987-02-28,"us","8","Duke University",42,1,595,55,148,0.372,12,49,0.245,43,99,0.434,0.412,28,40,0.7,22,83,105,81,18,7,30,68,150,FALSE
"MIA","Josh Richardson",6899000,"SG",22,78,200,1993-09-15,"us","0","University of Tennessee",52,2,1107,123,272,0.452,53,115,0.461,70,157,0.446,0.55,42,63,0.667,21,86,107,73,36,25,35,107,341,TRUE
"LAC","Josh Smith",10595507,"PF",30,81,225,1985-12-05,"us","11","",32,1,459,69,180,0.383,18,58,0.31,51,122,0.418,0.433,25,42,0.595,33,92,125,42,18,34,41,62,181,FALSE
"NOP","Jrue Holiday",3132240,"PG",25,76,205,1990-06-12,"us","6","University of California, Los Angeles",65,23,1831,410,935,0.439,87,259,0.336,323,676,0.478,0.485,182,216,0.843,27,168,195,391,88,22,167,148,1089,FALSE
"LAL","Julius Randle",1449000,"PF",21,81,250,1994-11-29,"us","1","University of Kentucky",81,60,2286,358,835,0.429,10,36,0.278,348,799,0.436,0.435,193,270,0.715,172,657,829,144,53,29,149,242,919,FALSE
"DAL","Justin Anderson",99418,"SF",22,78,228,1993-11-19,"us","0","University of Virginia",55,9,647,71,175,0.406,22,83,0.265,49,92,0.533,0.469,44,55,0.8,18,114,132,29,19,25,24,45,208,FALSE
"DET","Justin Harper",947300,"PF",26,82,225,1989-08-30,"us","1","University of Richmond",5,0,35,4,10,0.4,4,9,0.444,0,1,0,0.6,1,2,0.5,0,1,1,0,1,0,2,3,13,FALSE
"ATL","Justin Holiday",2481720,"SG",26,78,185,1989-04-05,"us","2","University of Washington",26,1,263,24,73,0.329,10,45,0.222,14,28,0.5,0.397,5,10,0.5,4,23,27,11,13,4,13,21,63,FALSE
"MIA","Justise Winslow",1842000,"SF",19,79,225,1996-03-26,"us","0","Duke University",78,8,2232,195,462,0.422,32,116,0.276,163,346,0.471,0.457,80,117,0.684,81,322,403,117,68,26,95,184,502,FALSE
"DEN","Jusuf Nurkic",3333333,"C",21,84,280,1994-08-23,"ba","1","",32,3,547,101,242,0.417,0,3,0,101,239,0.423,0.417,61,99,0.616,65,110,175,40,24,44,55,91,263,FALSE
"HOU","K.J. McDaniels",5703600,"SF",22,78,205,1993-02-09,"us","1","Clemson University",37,1,235,29,72,0.403,7,25,0.28,22,47,0.468,0.451,24,30,0.8,16,26,42,10,7,6,17,30,89,FALSE
"MIN","Karl-Anthony Towns",16500000,"C",20,84,244,1995-11-15,"us","0","University of Kentucky",82,82,2627,625,1153,0.542,30,88,0.341,595,1065,0.559,0.555,223,275,0.811,228,629,857,161,58,138,183,245,1503,FALSE
"SAS","Kawhi Leonard",161776,"SF",24,79,230,1991-06-29,"us","4","San Diego State University",72,72,2380,551,1090,0.506,129,291,0.443,422,799,0.528,0.565,292,334,0.874,95,398,493,186,128,71,105,133,1523,FALSE
"ORL","Keith Appling",2165160,"PG",23,73,185,1992-02-13,"us","0","Michigan State University",5,0,27,2,8,0.25,0,3,0,2,5,0.4,0.25,2,2,1,0,1,1,1,1,0,3,5,6,FALSE
"BOS","Kelly Olynyk",1920240,"C",24,84,238,1991-04-19,"ca","2","Gonzaga University",69,8,1395,253,556,0.455,85,210,0.405,168,346,0.486,0.531,96,128,0.75,72,209,281,105,52,33,74,163,687,FALSE
"WAS","Kelly Oubre",1.2e+07,"SF",20,79,205,1995-12-09,"us","0","University of Kansas",63,9,671,90,211,0.427,25,79,0.316,65,132,0.492,0.486,31,49,0.633,25,108,133,13,22,7,34,100,236,FALSE
"CHO","Kemba Walker",2144722,"PG",25,73,172,1990-05-08,"us","4","University of Connecticut",81,81,2885,568,1331,0.427,182,490,0.371,386,841,0.459,0.495,371,438,0.847,56,301,357,421,126,39,171,111,1689,FALSE
"PHI","Kendall Marshall",1499200,"PG",24,76,200,1991-08-19,"us","3","University of North Carolina",30,6,400,43,118,0.364,16,49,0.327,27,69,0.391,0.432,9,13,0.692,2,26,28,73,16,2,43,30,111,FALSE
"NOP","Kendrick Perkins",11235955,"C",31,82,270,1984-11-10,"us","12","",37,5,542,40,75,0.533,0,0,NA,40,75,0.533,0.533,11,25,0.44,25,103,128,31,11,11,41,64,91,FALSE
"DEN","Kenneth Faried",2e+06,"PF",26,80,228,1989-11-19,"us","4","Morehead State University",67,64,1694,349,626,0.558,1,2,0.5,348,624,0.558,0.558,136,222,0.613,235,346,581,79,32,60,91,169,835,FALSE
"ATL","Kent Bazemore",2891760,"SF",26,77,201,1989-07-01,"us","3","Old Dominion University",75,68,2083,320,725,0.441,109,305,0.357,211,420,0.502,0.517,123,151,0.815,28,351,379,171,98,38,138,176,872,FALSE
"DET","Kentavious Caldwell-Pope",20158622,"SG",22,77,205,1993-02-18,"us","2","University of Georgia",76,76,2789,403,960,0.42,114,369,0.309,289,591,0.489,0.479,185,228,0.811,70,212,282,138,110,17,105,167,1105,FALSE
"OKC","Kevin Durant",8500000,"SF",27,81,240,1988-09-29,"us","8","University of Texas at Austin",72,72,2578,698,1381,0.505,186,481,0.387,512,900,0.569,0.573,447,498,0.898,45,544,589,361,69,85,250,137,2029,FALSE
"MIN","Kevin Garnett",19500000,"PF",39,83,240,1976-05-19,"us","20","",38,38,556,54,115,0.47,0,1,0,54,114,0.474,0.47,14,21,0.667,15,135,150,62,28,10,16,70,122,FALSE
"CLE","Kevin Love",7402475,"PF",27,82,251,1988-09-07,"us","7","University of California, Los Angeles",77,77,2424,409,977,0.419,158,439,0.36,251,538,0.467,0.499,258,314,0.822,149,613,762,186,58,41,142,159,1234,TRUE
"SAS","Kevin Martin",2800000,"SG",32,79,199,1983-02-01,"us","11","Western Carolina University",16,1,261,30,85,0.353,11,33,0.333,19,52,0.365,0.418,28,30,0.933,4,25,29,12,9,2,13,15,99,FALSE
"NYK","Kevin Seraphin",1131960,"C",26,81,285,1989-12-07,"gf","5","",48,0,526,84,205,0.41,0,2,0,84,203,0.414,0.41,19,23,0.826,31,95,126,47,8,36,43,67,187,FALSE
"GSW","Kevon Looney",1.5e+07,"PF",19,81,220,1996-02-06,"us","0","University of California, Los Angeles",5,0,21,4,7,0.571,1,2,0.5,3,5,0.6,0.643,0,0,NA,4,6,10,0,0,0,1,2,9,FALSE
"MIL","Khris Middleton",2870000,"SG",24,80,234,1991-08-12,"us","3","Texas A&M University",79,79,2852,507,1142,0.444,143,361,0.396,364,781,0.466,0.507,277,312,0.888,44,258,302,331,131,19,180,204,1434,FALSE
"ATL","Kirk Hinrich",15500000,"PG",35,76,190,1981-01-02,"us","12","University of Kansas",11,0,76,2,11,0.182,1,6,0.167,1,5,0.2,0.227,0,0,NA,1,11,12,14,2,1,3,1,5,FALSE
"GSW","Klay Thompson",2.5e+07,"SG",25,79,215,1990-02-08,"us","4","Washington State University",80,80,2666,651,1386,0.47,276,650,0.425,375,736,0.51,0.569,193,221,0.873,35,271,306,166,60,49,138,152,1771,FALSE
"LAL","Kobe Bryant",7500000,"SF",37,78,212,1978-08-23,"us","19","",66,66,1863,398,1113,0.358,133,467,0.285,265,646,0.41,0.417,232,281,0.826,41,206,247,184,62,13,129,115,1161,FALSE
"SAC","Kosta Koufos",350000,"C",26,84,265,1989-02-24,"us","7","Ohio State University",78,14,1482,236,444,0.532,0,0,NA,236,444,0.532,0.532,57,104,0.548,169,254,423,33,40,70,48,185,529,FALSE
"DEN","Kostas Papanikolaou",4988025,"SF",25,80,225,1990-07-31,"gr","1","",26,6,294,24,66,0.364,10,32,0.313,14,34,0.412,0.439,9,14,0.643,8,32,40,16,13,5,21,24,67,TRUE
"ATL","Kris Humphries",4131720,"PF",30,81,235,1985-02-06,"us","11","University of Minnesota",21,0,295,47,101,0.465,8,31,0.258,39,70,0.557,0.505,32,45,0.711,20,51,71,13,10,7,14,44,134,FALSE
"NYK","Kristaps Porzingis",1142879,"PF",20,87,240,1995-08-02,"lv","0","",72,72,2047,373,886,0.421,81,243,0.333,292,643,0.454,0.467,201,240,0.838,132,394,526,93,53,134,121,205,1028,FALSE
"SAS","Kyle Anderson",5746479,"SF",22,81,230,1993-09-20,"us","1","University of California, Los Angeles",78,11,1245,138,295,0.468,12,37,0.324,126,258,0.488,0.488,62,83,0.747,25,219,244,123,60,29,59,97,350,FALSE
"ATL","Kyle Korver",1.2e+07,"SG",34,79,212,1981-03-17,"us","12","Creighton University",80,80,2401,268,616,0.435,158,397,0.398,110,219,0.502,0.563,45,54,0.833,14,246,260,164,60,35,98,161,739,FALSE
"TOR","Kyle Lowry",3750000,"PG",29,73,196,1986-03-25,"us","9","Villanova University",77,77,2851,512,1198,0.427,212,547,0.388,300,651,0.461,0.516,398,491,0.811,55,310,365,494,158,34,225,211,1634,FALSE
"NYK","Kyle O'Quinn",5e+06,"PF",25,82,250,1990-03-26,"us","3","Norfolk State University",65,1,764,129,271,0.476,5,22,0.227,124,249,0.498,0.485,46,60,0.767,76,174,250,72,20,49,61,107,309,FALSE
"OKC","Kyle Singler",14746000,"SF",27,80,228,1988-05-04,"us","3","Duke University",68,2,977,86,221,0.389,30,97,0.309,56,124,0.452,0.457,29,44,0.659,50,91,141,24,30,9,32,120,231,FALSE
"CLE","Kyrie Irving",525093,"PG",23,75,193,1992-03-23,"au","4","Duke University",53,53,1667,394,879,0.448,84,262,0.321,310,617,0.502,0.496,169,191,0.885,44,113,157,249,56,18,124,107,1041,FALSE
"ATL","Lamar Patterson",19500000,"SG",24,77,225,1991-08-12,"us","0","University of Pittsburgh",35,0,395,28,80,0.35,12,49,0.245,16,31,0.516,0.425,16,22,0.727,4,46,50,39,9,2,23,45,84,FALSE
"SAS","LaMarcus Aldridge",9e+06,"PF",30,83,260,1985-07-19,"us","9","University of Texas at Austin",74,74,2261,536,1045,0.513,0,16,0,536,1029,0.521,0.513,259,302,0.858,176,456,632,110,38,81,99,151,1331,FALSE
"LAC","Lance Stephenson",1650000,"SF",25,77,230,1990-09-05,"us","5","University of Cincinnati",43,10,680,82,166,0.494,19,47,0.404,63,119,0.529,0.551,21,30,0.7,19,89,108,60,24,3,48,79,204,FALSE
"NYK","Lance Thomas",845059,"PF",27,80,235,1988-04-24,"us","4","Duke University",59,5,1313,169,382,0.442,44,109,0.404,125,273,0.458,0.5,102,119,0.857,34,97,131,53,22,7,57,109,484,FALSE
"NYK","Langston Galloway",1155600,"PG",24,74,200,1991-12-09,"us","1","Saint Joseph's University",82,7,2033,231,588,0.393,77,224,0.344,154,364,0.423,0.458,86,114,0.754,43,245,288,207,77,22,61,177,625,FALSE
"LAL","Larry Nance Jr.",3700000,"PF",23,81,230,1993-01-01,"us","0","University of Wyoming",63,22,1266,158,300,0.527,1,10,0.1,157,290,0.541,0.528,32,47,0.681,101,211,312,44,54,23,41,124,349,FALSE
"IND","Lavoy Allen",2500000,"PF",26,81,260,1989-02-04,"us","4","Temple University",79,28,1599,191,370,0.516,0,0,NA,191,370,0.516,0.516,46,73,0.63,162,262,424,76,26,42,69,147,428,FALSE
"GSW","Leandro Barbosa",22971000,"SG",33,75,194,1982-11-28,"br","12","",68,0,1079,171,370,0.462,39,110,0.355,132,260,0.508,0.515,52,62,0.839,28,89,117,82,44,10,53,107,433,FALSE
"CLE","LeBron James",228460,"SF",31,80,250,1984-12-30,"us","12","",76,76,2709,737,1416,0.52,87,282,0.309,650,1134,0.573,0.551,359,491,0.731,111,454,565,514,104,49,249,143,1920,TRUE
"PHO","Lorenzo Brown",1650000,"PG",25,77,189,1990-08-26,"us","2","North Carolina State University",8,0,61,8,25,0.32,1,8,0.125,7,17,0.412,0.34,3,4,0.75,0,7,7,11,3,1,9,4,20,FALSE
"NYK","Lou Amundson",7e+06,"PF",33,81,220,1982-12-07,"us","9","University of Nevada, Las Vegas",29,0,204,19,53,0.358,0,0,NA,19,53,0.358,0.358,14,27,0.519,23,26,49,12,6,7,15,44,52,FALSE
"LAL","Lou Williams",1270964,"SG",29,73,175,1986-10-27,"us","10","",67,35,1907,283,693,0.408,110,320,0.344,173,373,0.464,0.488,352,424,0.83,31,138,169,167,62,19,107,107,1028,FALSE
"LAC","Luc Mbah a Moute",1842000,"PF",29,80,230,1986-09-09,"cm","7","University of California, Los Angeles",75,61,1274,94,207,0.454,13,40,0.325,81,167,0.485,0.486,30,57,0.526,60,111,171,30,44,19,34,100,231,FALSE
"TOR","Lucas Nogueira",525093,"C",23,84,241,1992-07-26,"br","1","",29,1,225,28,44,0.636,1,3,0.333,27,41,0.659,0.648,8,15,0.533,18,28,46,7,12,12,11,29,65,FALSE
"POR","Luis Montero",3e+06,"SG",22,79,185,1993-04-06,"do","0","Westchester CC",12,0,42,5,19,0.263,1,9,0.111,4,10,0.4,0.289,3,4,0.75,0,4,4,1,0,0,4,1,14,FALSE
"TOR","Luis Scola",1100000,"PF",35,81,240,1980-04-30,"ar","8","",76,76,1636,269,598,0.45,65,161,0.404,204,437,0.467,0.504,61,84,0.726,84,276,360,66,46,27,68,178,664,FALSE
"NOP","Luke Babbitt",10151612,"SF",26,81,225,1989-06-20,"us","5","University of Nevada, Reno",47,13,845,122,289,0.422,44,109,0.404,78,180,0.433,0.498,39,50,0.78,25,123,148,53,11,7,23,90,327,FALSE
"MIA","Luol Deng",2814000,"PF",30,81,220,1985-04-16,"ss","11","Duke University",74,73,2394,339,745,0.455,88,256,0.344,251,489,0.513,0.514,145,192,0.755,108,335,443,140,74,29,81,122,911,FALSE
"SAS","Manu Ginobili",19700000,"SG",38,78,205,1977-07-28,"ar","13","",58,0,1134,197,435,0.453,70,179,0.391,127,256,0.496,0.533,91,112,0.813,26,120,146,177,66,11,99,99,555,FALSE
"MEM","Marc Gasol",525093,"C",31,85,255,1985-01-29,"es","7","",52,52,1791,328,707,0.464,2,3,0.667,326,704,0.463,0.465,203,245,0.829,58,304,362,196,50,70,118,141,861,FALSE
"LAL","Marcelo Huertas",11217391,"PG",32,75,200,1983-05-25,"br","0","",53,0,869,97,230,0.422,16,61,0.262,81,169,0.479,0.457,27,29,0.931,18,72,90,182,26,7,80,76,237,FALSE
"WAS","Marcin Gortat",6333333,"C",31,83,240,1984-02-17,"pl","8","",75,74,2256,433,764,0.567,0,1,0,433,763,0.567,0.567,146,207,0.705,222,519,741,106,47,96,121,193,1012,FALSE
"SAC","Marco Belinelli",5e+06,"SG",29,77,210,1986-03-25,"it","8","",68,7,1672,245,635,0.386,91,297,0.306,154,338,0.456,0.457,115,138,0.833,10,107,117,127,37,2,80,91,696,FALSE
"DET","Marcus Morris",3431040,"SF",26,81,235,1989-09-02,"us","4","University of Kansas",80,80,2856,410,945,0.434,108,298,0.362,302,647,0.467,0.491,203,271,0.749,91,313,404,201,67,23,140,170,1131,FALSE
"BOS","Marcus Smart",1437107,"PG",21,76,220,1994-03-06,"us","1","Oklahoma State University",61,10,1667,184,529,0.348,61,241,0.253,123,288,0.427,0.405,129,166,0.777,76,179,255,185,91,18,80,183,558,TRUE
"WAS","Marcus Thornton",4300000,"SG",28,76,205,1987-06-05,"us","6","Louisiana State University",14,2,224,42,107,0.393,18,54,0.333,24,53,0.453,0.477,16,21,0.762,7,28,35,19,13,1,11,17,118,FALSE
"MIA","Mario Chalmers",3741480,"PG",29,74,190,1986-05-19,"us","7","University of Kansas",6,0,120,10,32,0.313,1,11,0.091,9,21,0.429,0.328,12,13,0.923,1,13,14,19,8,1,9,16,33,FALSE
"ORL","Mario Hezonja",845059,"SF",20,80,215,1995-02-25,"hr","0","",79,9,1413,181,418,0.433,67,192,0.349,114,226,0.504,0.513,49,54,0.907,28,148,176,109,39,17,97,124,478,FALSE
"BRK","Markel Brown",8e+06,"SG",24,75,190,1992-01-29,"us","1","Oklahoma State University",62,6,982,127,322,0.394,38,121,0.314,89,201,0.443,0.453,71,94,0.755,23,99,122,91,38,15,54,94,363,FALSE
"WAS","Markieff Morris",3815000,"PF",26,82,245,1989-09-02,"us","4","University of Kansas",27,21,712,134,287,0.467,25,79,0.316,109,208,0.524,0.51,42,55,0.764,30,128,158,37,25,17,45,80,335,FALSE
"GSW","Marreese Speights",7e+06,"C",28,82,255,1987-08-04,"us","7","University of Florida",72,0,832,197,456,0.432,24,62,0.387,173,394,0.439,0.458,94,114,0.825,77,162,239,61,19,34,66,117,512,FALSE
"CHO","Marvin Williams",1415520,"PF",29,81,237,1986-06-19,"us","10","University of North Carolina",81,81,2338,338,747,0.452,152,378,0.402,186,369,0.504,0.554,120,144,0.833,127,394,521,110,58,77,62,133,948,FALSE
"POR","Mason Plumlee",3542500,"C",25,83,245,1990-03-05,"us","2","Duke University",82,82,2084,267,517,0.516,0,4,0,267,513,0.52,0.516,215,335,0.642,201,427,628,226,68,85,154,253,749,FALSE
"MEM","Matt Barnes",1499187,"SF",35,79,226,1980-03-09,"us","12","University of California, Los Angeles",76,45,2190,264,693,0.381,119,370,0.322,145,323,0.449,0.467,111,138,0.804,84,336,420,163,78,57,121,234,758,FALSE
"SAS","Matt Bonner",1147280,"C",35,82,235,1980-04-05,"us","11","University of Florida",30,2,206,29,57,0.509,15,34,0.441,14,23,0.609,0.64,3,4,0.75,3,24,27,9,6,1,3,16,76,FALSE
"CLE","Matthew Dellavedova",2894059,"PG",25,76,198,1990-09-08,"au","2","Saint Mary's College of California",76,14,1867,207,511,0.405,98,239,0.41,109,272,0.401,0.501,57,66,0.864,33,129,162,337,44,9,116,178,569,FALSE
"POR","Maurice Harkless",1499187,"SF",22,81,215,1993-05-11,"us","3","St. John's University",78,14,1457,195,411,0.474,39,140,0.279,156,271,0.576,0.522,69,111,0.622,101,179,280,67,49,35,62,124,498,FALSE
"LAL","Metta World Peace",3075880,"SF",36,78,260,1979-11-13,"us","15","St. John's University",35,5,590,55,177,0.311,26,84,0.31,29,93,0.312,0.384,40,57,0.702,19,70,89,27,22,11,15,67,176,FALSE
"POR","Meyers Leonard",306527,"PF",23,85,245,1992-02-27,"us","3","University of Illinois at Urbana-Champaign",61,10,1333,195,435,0.448,86,228,0.377,109,207,0.527,0.547,35,46,0.761,51,263,314,92,8,18,77,183,511,FALSE
"HOU","Michael Beasley",2399040,"SF",27,81,235,1989-01-09,"us","7","Kansas State University",20,0,363,107,205,0.522,3,9,0.333,104,196,0.531,0.529,38,49,0.776,29,69,98,16,11,9,24,39,255,FALSE
"MIL","Michael Carter-Williams",6331404,"PG",24,78,190,1991-10-10,"us","2","Syracuse University",54,37,1649,251,555,0.452,15,55,0.273,236,500,0.472,0.466,106,162,0.654,48,228,276,281,80,41,153,162,623,FALSE
"CHO","Michael Kidd-Gilchrist",9588426,"SF",22,79,232,1993-09-26,"us","3","University of Kentucky",7,7,205,33,61,0.541,3,7,0.429,30,54,0.556,0.566,20,29,0.69,12,33,45,9,3,3,8,9,89,FALSE
"MEM","Mike Conley",4500000,"PG",28,73,175,1987-10-11,"us","8","Ohio State University",56,56,1761,294,696,0.422,78,215,0.363,216,481,0.449,0.478,191,229,0.834,26,138,164,342,67,16,84,100,857,FALSE
"CHI","Mike Dunleavy",4354127,"SF",35,81,230,1980-09-15,"us","13","Duke University",31,30,703,77,188,0.41,39,99,0.394,38,89,0.427,0.513,29,37,0.784,8,75,83,39,14,10,26,66,222,TRUE
"DEN","Mike Miller",947276,"SF",35,80,218,1980-02-19,"us","15","University of Florida",47,2,373,22,62,0.355,19,52,0.365,3,10,0.3,0.508,0,0,NA,6,47,53,40,13,4,17,53,63,FALSE
"ATL","Mike Muscala",3333333,"C",24,83,240,1991-07-01,"us","2","Bucknell University",60,0,565,76,152,0.5,12,39,0.308,64,113,0.566,0.539,31,39,0.795,38,79,117,34,13,27,27,72,195,FALSE
"ATL","Mike Scott",2109294,"PF",27,80,237,1988-07-16,"us","3","University of Virginia",75,0,1146,176,376,0.468,62,158,0.392,114,218,0.523,0.551,50,63,0.794,53,153,206,78,25,17,42,102,464,FALSE
"MIL","Miles Plumlee",5500000,"C",27,83,249,1988-09-01,"us","3","Duke University",61,14,870,140,233,0.601,0,0,NA,140,233,0.601,0.601,34,59,0.576,94,138,232,16,21,50,40,73,314,FALSE
"PHO","Mirza Teletovic",1463040,"PF",30,81,242,1985-09-18,"ba","3","",79,1,1686,332,777,0.427,181,460,0.393,151,317,0.476,0.544,120,155,0.774,55,247,302,89,32,21,84,159,965,FALSE
"OKC","Mitch McGary",2100000,"PF",23,82,255,1992-06-06,"us","1","University of Michigan",20,0,72,11,23,0.478,0,4,0,11,19,0.579,0.478,4,10,0.4,4,14,18,3,1,2,7,10,26,FALSE
"CLE","Mo Williams",10300000,"PG",33,73,198,1982-12-19,"us","12","University of Alabama",41,14,748,132,302,0.437,36,102,0.353,96,200,0.48,0.497,38,42,0.905,6,66,72,98,14,5,57,60,338,FALSE
"IND","Monta Ellis",1e+06,"SG",30,75,185,1985-10-26,"us","10","",81,81,2734,436,1021,0.427,87,282,0.309,349,739,0.472,0.47,162,206,0.786,42,229,271,383,150,37,203,174,1121,FALSE
"HOU","Montrezl Harrell",2357760,"PF",22,80,240,1994-01-26,"us","0","University of Louisville",39,1,379,58,90,0.644,0,1,0,58,89,0.652,0.644,24,46,0.522,25,40,65,17,11,11,17,48,140,FALSE
"IND","Myles Turner",44000,"C",19,83,243,1996-03-24,"us","0","University of Texas at Austin",60,30,1367,264,530,0.498,3,14,0.214,261,516,0.506,0.501,88,121,0.727,68,264,332,41,25,86,67,158,619,FALSE
"NOP","Nate Robinson",352750,"PG",31,69,180,1984-05-31,"us","10","University of Washington",2,1,23,0,1,0,0,1,0,0,0,NA,0,0,0,NA,0,0,0,4,1,0,0,5,0,FALSE
"OKC","Nazr Mohammed",4e+06,"C",38,82,221,1977-09-05,"us","17","University of Kentucky",5,0,19,3,5,0.6,0,0,NA,3,5,0.6,0.6,2,2,1,1,3,4,0,0,0,3,4,8,FALSE
"MIN","Nemanja Bjelica",1.3e+07,"PF",27,82,240,1988-05-09,"rs","0","",60,0,1075,110,235,0.468,48,125,0.384,62,110,0.564,0.57,40,55,0.727,49,161,210,83,26,21,47,154,308,FALSE
"WAS","Nene Hilario",3457800,"PF",33,83,250,1982-09-13,"br","13","",57,11,1094,209,384,0.544,0,3,0,209,381,0.549,0.544,107,185,0.578,52,207,259,97,54,26,76,156,525,FALSE
"PHI","Nerlens Noel",3750000,"C",21,83,228,1994-04-10,"us","1","University of Kentucky",67,62,1965,306,587,0.521,1,2,0.5,305,585,0.521,0.522,134,227,0.59,154,388,542,122,118,100,158,192,747,FALSE
"OKC","Nick Collison",5219169,"PF",35,82,255,1980-10-26,"us","11","University of Kansas",59,4,699,50,109,0.459,0,2,0,50,107,0.467,0.459,23,33,0.697,68,103,171,52,15,16,50,107,123,FALSE
"LAL","Nick Young",12235750,"SG",30,79,210,1985-06-01,"us","8","University of Southern California",54,2,1033,126,372,0.339,77,237,0.325,49,135,0.363,0.442,63,76,0.829,14,83,97,34,23,7,30,50,392,FALSE
"CHO","Nicolas Batum",2869440,"SF",27,80,200,1988-12-14,"fr","7","",70,70,2448,372,873,0.426,139,399,0.348,233,474,0.492,0.506,163,192,0.849,55,373,428,403,65,43,205,114,1046,FALSE
"PHI","Nik Stauskas",1300000,"SG",22,78,205,1993-10-07,"ca","1","University of Michigan",73,35,1809,210,545,0.385,106,325,0.326,104,220,0.473,0.483,91,118,0.771,23,160,183,138,44,20,94,115,617,FALSE
"DEN","Nikola Jokic",5543725,"C",20,82,250,1995-02-19,"rs","0","",80,55,1733,307,600,0.512,28,84,0.333,279,516,0.541,0.535,154,190,0.811,181,379,560,189,79,50,104,208,796,FALSE
"CHI","Nikola Mirotic",12100000,"PF",24,82,220,1991-02-11,"me","1","",66,38,1646,248,609,0.407,135,346,0.39,113,263,0.43,0.518,146,181,0.807,58,304,362,100,58,46,102,151,777,FALSE
"MIN","Nikola Pekovic",11250000,"C",30,83,307,1986-01-03,"me","5","",12,3,156,19,50,0.38,0,0,NA,19,50,0.38,0.38,16,20,0.8,7,14,21,11,1,0,9,22,54,FALSE
"ORL","Nikola Vucevic",2637720,"C",25,84,260,1990-10-24,"ch","4","University of Southern California",65,60,2037,533,1046,0.51,2,9,0.222,531,1037,0.512,0.511,113,150,0.753,174,402,576,179,53,70,123,173,1181,FALSE
"POR","Noah Vonleh",650000,"PF",20,82,240,1995-08-24,"us","1","Indiana University",78,56,1174,117,278,0.421,11,46,0.239,106,232,0.457,0.441,38,51,0.745,91,214,305,30,27,26,50,152,283,FALSE
"TOR","Norman Powell",3036927,"SG",22,76,215,1993-05-25,"us","0","University of California, Los Angeles",49,24,725,97,229,0.424,36,89,0.404,61,140,0.436,0.502,43,53,0.811,16,95,111,47,29,10,32,59,273,FALSE
"NOP","Norris Cole",8e+06,"PG",27,74,175,1988-10-13,"us","4","Cleveland State University",45,23,1198,196,484,0.405,33,102,0.324,163,382,0.427,0.439,52,65,0.8,10,141,151,167,37,5,75,102,477,FALSE
"MIL","O.J. Mayo",1.1e+07,"SG",28,77,210,1987-11-05,"us","7","University of Southern California",41,24,1090,119,321,0.371,52,162,0.321,67,159,0.421,0.452,31,40,0.775,13,92,105,118,48,8,72,126,321,FALSE
"NOP","Omer Asik",3e+06,"C",29,84,255,1986-07-04,"tr","5","",68,64,1178,104,195,0.533,0,0,NA,104,195,0.533,0.533,61,112,0.545,120,294,414,26,21,23,60,124,269,FALSE
"SAC","Omri Casspi",111444,"SF",27,81,225,1988-06-22,"il","6","",69,21,1880,299,622,0.481,112,274,0.409,187,348,0.537,0.571,103,159,0.648,58,352,410,95,56,17,94,154,813,TRUE
"NOP","Orlando Johnson",4662960,"SG",26,77,220,1989-03-11,"us","2","University of California, Santa Barbara",5,1,54,4,17,0.235,1,5,0.2,3,12,0.25,0.265,1,2,0.5,1,5,6,2,1,0,3,4,10,FALSE
"WAS","Otto Porter",1201440,"SF",22,80,198,1993-06-03,"us","2","Georgetown University",75,73,2276,339,717,0.473,98,267,0.367,241,450,0.536,0.541,95,126,0.754,97,294,391,120,105,32,70,163,871,FALSE
"CHO","P.J. Hairston",5500000,"SF",23,78,230,1992-12-24,"us","1","University of North Carolina",48,43,938,99,276,0.359,54,172,0.314,45,104,0.433,0.457,34,42,0.81,18,110,128,29,24,7,24,106,286,FALSE
"PHO","P.J. Tucker",981348,"SF",30,78,245,1985-05-05,"us","4","University of Texas at Austin",82,80,2540,239,582,0.411,68,206,0.33,171,376,0.455,0.469,106,142,0.746,165,347,512,177,106,20,111,202,652,FALSE
"LAC","Pablo Prigioni",525093,"PG",38,75,185,1977-05-17,"ar","3","",59,3,823,55,147,0.374,28,95,0.295,27,52,0.519,0.469,7,8,0.875,38,76,114,130,53,1,49,82,145,FALSE
"POR","Pat Connaughton",6500000,"SG",23,77,206,1993-01-06,"us","0","University of Notre Dame",34,0,143,13,49,0.265,5,21,0.238,8,28,0.286,0.316,5,5,1,11,21,32,10,2,0,10,6,36,FALSE
"HOU","Patrick Beverley",3578947,"PG",27,73,185,1988-07-12,"us","3","University of Arkansas",71,63,2041,258,594,0.434,124,310,0.4,134,284,0.472,0.539,60,88,0.682,73,177,250,239,94,26,91,234,700,FALSE
"SAS","Patrick Mills",6268675,"PG",27,72,185,1988-08-11,"au","6","Saint Mary's College of California",81,3,1662,260,612,0.425,123,320,0.384,137,292,0.469,0.525,47,58,0.81,27,131,158,226,59,6,76,102,690,FALSE
"TOR","Patrick Patterson",7448760,"PF",26,81,230,1989-03-14,"us","5","University of Kentucky",79,0,2020,204,493,0.414,106,293,0.362,98,200,0.49,0.521,29,34,0.853,77,265,342,94,53,32,65,128,543,FALSE
"CHI","Pau Gasol",17120106,"C",35,84,250,1980-07-06,"es","14","",72,72,2291,467,995,0.469,24,69,0.348,443,926,0.478,0.481,229,289,0.792,155,638,793,294,42,146,164,148,1187,FALSE
"IND","Paul George",1.9e+07,"SF",25,81,220,1990-05-02,"us","5","California State University, Fresno",81,81,2819,605,1449,0.418,210,566,0.371,395,883,0.447,0.49,454,528,0.86,79,484,563,329,152,29,265,230,1874,FALSE
"ATL","Paul Millsap",3400000,"PF",30,80,246,1985-02-10,"us","9","Louisiana Tech University",81,81,2647,501,1066,0.47,74,232,0.319,427,834,0.512,0.505,309,408,0.757,198,534,732,265,147,139,191,237,1385,FALSE
"LAC","Paul Pierce",284183,"SF",38,79,235,1977-10-13,"us","17","University of Kansas",68,38,1231,144,397,0.363,75,242,0.31,69,155,0.445,0.457,54,66,0.818,12,174,186,71,33,17,58,129,417,TRUE
"PHI","Phil Pressey",981348,"PG",24,71,175,1991-02-17,"us","2","University of Missouri",14,0,170,21,55,0.382,4,13,0.308,17,42,0.405,0.418,9,18,0.5,0,23,23,46,11,1,19,14,55,FALSE
"SAC","Quincy Acy",1148640,"PF",25,79,240,1990-10-06,"us","3","Baylor University",59,29,876,119,214,0.556,19,49,0.388,100,165,0.606,0.6,50,68,0.735,65,123,188,27,29,24,27,103,307,FALSE
"BOS","R.J. Hunter",9500000,"SG",22,77,185,1993-10-24,"us","0","Georgia State University",36,0,315,36,98,0.367,19,63,0.302,17,35,0.486,0.464,6,7,0.857,2,35,37,13,14,4,11,29,97,FALSE
"SAC","Rajon Rondo",1e+06,"PG",29,73,186,1986-02-22,"us","9","University of Kentucky",72,72,2537,355,782,0.454,62,170,0.365,293,612,0.479,0.494,87,150,0.58,77,358,435,839,141,10,278,175,859,FALSE
"IND","Rakeem Christmas",2170465,"PF",24,81,250,1991-12-01,"us","0","Syracuse University",1,0,6,2,2,1,0,0,NA,2,2,1,1,0,0,NA,1,0,1,0,0,0,0,1,4,FALSE
"WAS","Ramon Sessions",3270000,"PG",29,75,190,1986-04-11,"us","8","University of Nevada, Reno",82,5,1667,280,592,0.473,36,111,0.324,244,481,0.507,0.503,214,283,0.756,25,178,203,239,46,5,115,102,810,FALSE
"OKC","Randy Foye",1733040,"SG",32,76,213,1983-09-24,"us","9","Villanova University",27,1,572,52,149,0.349,25,81,0.309,27,68,0.397,0.433,22,27,0.815,8,43,51,49,13,13,28,48,151,FALSE
"MIL","Rashad Vaughn",1499187,"SG",19,78,202,1996-08-16,"us","0","University of Nevada, Las Vegas",70,6,1001,81,266,0.305,43,147,0.293,38,119,0.319,0.385,12,15,0.8,11,77,88,39,29,16,28,73,217,FALSE
"SAS","Rasual Butler",1e+06,"SF",36,79,215,1979-05-23,"us","12","La Salle University",46,0,432,49,104,0.471,15,49,0.306,34,55,0.618,0.543,11,16,0.688,3,53,56,24,13,23,8,11,124,FALSE
"UTA","Raul Neto",1058720,"PG",23,73,179,1992-05-19,"br","0","",81,53,1499,180,418,0.431,64,162,0.395,116,256,0.453,0.507,52,70,0.743,17,103,120,174,62,2,109,122,476,TRUE
"SAS","Ray McCallum",3950313,"PG",24,75,190,1991-06-12,"us","2","University of Detroit Mercy",31,3,256,27,67,0.403,5,16,0.313,22,51,0.431,0.44,9,10,0.9,6,25,31,33,5,4,11,14,68,FALSE
"DAL","Raymond Felton",1252440,"PG",31,73,205,1984-06-26,"us","10","University of North Carolina",80,31,2192,277,682,0.406,60,213,0.282,217,469,0.463,0.45,149,176,0.847,36,222,258,284,68,15,121,141,763,FALSE
"DET","Reggie Bullock",1.4e+07,"SF",24,79,205,1991-03-16,"us","2","University of North Carolina",37,0,429,43,98,0.439,22,53,0.415,21,45,0.467,0.551,14,15,0.933,14,54,68,27,10,2,8,29,122,FALSE
"DET","Reggie Jackson",1499000,"PG",25,75,208,1990-04-16,"it","4","Boston College",79,79,2424,540,1244,0.434,118,334,0.353,422,910,0.464,0.482,291,337,0.864,58,195,253,492,59,11,223,187,1489,FALSE
"CLE","Richard Jefferson",1050000,"SF",35,79,233,1980-06-21,"us","14","University of Arizona",74,5,1326,143,312,0.458,66,173,0.382,77,139,0.554,0.564,58,87,0.667,15,113,128,59,33,14,43,129,410,FALSE
"PHI","Richaun Holmes",12365000,"PF",22,82,245,1993-10-15,"us","0","Bowling Green State University",51,1,702,114,222,0.514,8,44,0.182,106,178,0.596,0.532,51,74,0.689,62,73,135,33,19,40,32,92,287,FALSE
"MIN","Ricky Rubio",1e+06,"PG",25,76,194,1990-10-21,"es","4","",76,76,2323,219,586,0.374,62,190,0.326,157,396,0.396,0.427,266,314,0.847,40,286,326,658,162,10,193,201,766,FALSE
"PHI","Robert Covington",981348,"SF",25,81,215,1990-12-14,"us","2","Tennessee State University",67,49,1903,274,712,0.385,170,482,0.353,104,230,0.452,0.504,140,177,0.791,65,354,419,97,105,40,143,232,858,FALSE
"LAL","Robert Sacre",1.3e+07,"C",26,84,270,1989-06-06,"us","3","Gonzaga University",25,1,320,31,75,0.413,0,0,NA,31,75,0.413,0.413,25,38,0.658,32,40,72,14,4,10,12,43,87,FALSE
"NYK","Robin Lopez",1348440,"C",27,84,255,1988-04-01,"us","7","Stanford University",82,82,2219,357,662,0.539,0,1,0,357,661,0.54,0.539,128,161,0.795,268,334,602,114,16,129,133,182,842,FALSE
"UTA","Rodney Hood",6500000,"SG",23,80,206,1992-10-20,"us","1","Duke University",79,79,2541,408,972,0.42,161,449,0.359,247,523,0.472,0.503,172,200,0.86,38,229,267,213,73,16,125,202,1149,FALSE
"IND","Rodney Stuckey",1335480,"PG",29,77,210,1986-04-21,"us","8","Eastern Washington University",58,1,1275,183,443,0.413,20,83,0.241,163,360,0.453,0.436,131,158,0.829,19,137,156,142,43,8,76,77,517,FALSE
"BRK","Rondae Hollis-Jefferson",1499187,"SF",21,79,220,1995-01-03,"us","0","University of Arizona",29,17,615,63,138,0.457,4,14,0.286,59,124,0.476,0.471,37,52,0.712,39,115,154,43,39,16,26,61,167,FALSE
"PHO","Ronnie Price",15500000,"PG",32,74,190,1983-06-21,"us","10","Utah Valley State College",62,18,1211,116,302,0.384,68,196,0.347,48,106,0.453,0.497,31,41,0.756,25,74,99,147,74,13,70,161,331,FALSE
"LAL","Roy Hibbert",12403101,"C",29,86,270,1986-12-11,"us","7","Georgetown University",81,81,1878,182,411,0.443,0,2,0,182,409,0.445,0.443,117,145,0.807,132,266,398,95,32,110,76,252,481,FALSE
"SAC","Rudy Gay",1175880,"SF",29,80,230,1986-08-17,"us","9","University of Connecticut",70,70,2379,466,1007,0.463,74,215,0.344,392,792,0.495,0.5,198,254,0.78,103,353,456,120,100,51,139,184,1204,FALSE
"UTA","Rudy Gobert",816482,"C",23,85,245,1992-06-26,"fr","2","",61,60,1932,198,354,0.559,0,0,NA,198,354,0.559,0.559,161,283,0.569,208,460,668,91,45,135,114,163,557,FALSE
"MEM","Russ Smith",16744218,"PG",24,72,165,1991-04-19,"us","1","University of Louisville",15,0,66,7,22,0.318,1,5,0.2,6,17,0.353,0.341,8,13,0.615,1,8,9,11,5,1,7,5,23,FALSE
"OKC","Russell Westbrook",8500000,"PG",27,75,200,1988-11-12,"us","7","University of California, Los Angeles",80,80,2750,656,1444,0.454,101,341,0.296,555,1103,0.503,0.489,465,573,0.812,145,481,626,834,163,20,342,200,1878,FALSE
"NOP","Ryan Anderson",769431,"PF",27,82,240,1988-05-06,"us","7","University of California",66,7,2008,397,929,0.427,131,358,0.366,266,571,0.466,0.498,199,228,0.873,131,265,396,73,38,25,90,109,1124,TRUE
"WAS","Ryan Hollins",1724250,"C",31,84,240,1984-10-10,"us","9","University of California, Los Angeles",5,3,48,4,7,0.571,0,0,NA,4,7,0.571,0.571,0,0,NA,7,4,11,0,0,1,3,4,8,FALSE
"LAL","Ryan Kelly",525093,"PF",24,83,230,1991-04-09,"us","2","Duke University",36,0,470,55,149,0.369,5,37,0.135,50,112,0.446,0.386,37,54,0.685,21,100,121,20,13,10,18,39,152,FALSE
"DAL","Salah Mejri",1646400,"C",29,85,245,1986-06-15,"tn","0","",34,6,397,49,78,0.628,0,1,0,49,77,0.636,0.628,27,46,0.587,41,82,123,10,8,36,23,54,125,FALSE
"HOU","Sam Dekker",1300000,"SF",21,81,230,1994-05-06,"us","0","University of Wisconsin",3,0,6,0,0,NA,0,0,NA,0,0,NA,NA,0,0,NA,0,1,1,0,1,0,0,0,0,FALSE
"CLE","Sasha Kaun",1356146,"C",30,83,260,1985-05-08,"ru","0","University of Kansas",25,0,95,9,17,0.529,0,0,NA,9,17,0.529,0.529,5,11,0.455,12,14,26,3,4,5,7,11,23,FALSE
"NYK","Sasha Vujacic",420012,"SG",31,79,195,1984-03-08,"si","8","",61,25,908,106,277,0.383,52,143,0.364,54,134,0.403,0.477,32,39,0.821,26,123,149,84,34,5,44,83,296,TRUE
"BRK","Sean Kilpatrick",12350000,"SG",26,76,210,1990-01-06,"us","1","University of Cincinnati",23,0,534,115,249,0.462,35,97,0.361,80,152,0.526,0.532,53,59,0.898,10,40,50,26,10,2,27,30,318,FALSE
"OKC","Serge Ibaka",1599840,"PF",26,82,235,1989-09-18,"cg","6","",78,78,2500,416,869,0.479,60,184,0.326,356,685,0.52,0.513,91,121,0.752,141,392,533,66,38,148,108,211,983,FALSE
"BRK","Sergey Karasev",947276,"SF",22,79,208,1993-10-26,"ru","2","",40,5,399,30,74,0.405,11,37,0.297,19,37,0.514,0.48,26,28,0.929,8,50,58,35,6,2,22,27,97,FALSE
"SAC","Seth Curry",2056920,"PG",25,74,185,1990-08-23,"us","2","Duke University",44,9,692,102,224,0.455,50,111,0.45,52,113,0.46,0.567,45,54,0.833,9,51,60,67,22,3,36,41,299,FALSE
"MIN","Shabazz Muhammad",1294440,"SF",23,78,223,1992-11-13,"us","2","University of California, Los Angeles",82,0,1682,317,681,0.465,44,152,0.289,273,529,0.516,0.498,185,242,0.764,100,167,267,52,24,7,70,94,863,FALSE
"ORL","Shabazz Napier",1500000,"PG",24,73,175,1991-07-14,"us","1","University of Connecticut",55,0,600,68,201,0.338,34,104,0.327,34,97,0.351,0.423,33,45,0.733,9,46,55,97,23,1,46,38,203,FALSE
"BRK","Shane Larkin",5543725,"PG",23,71,175,1992-10-02,"us","2","University of Miami",78,17,1751,222,502,0.442,39,108,0.361,183,394,0.464,0.481,83,107,0.776,28,152,180,342,95,12,146,121,566,FALSE
"GSW","Shaun Livingston",845059,"PG",30,79,192,1985-09-11,"us","10","",78,3,1520,203,379,0.536,2,12,0.167,201,367,0.548,0.538,80,93,0.86,42,127,169,237,57,27,78,140,488,FALSE
"IND","Shayne Whittington",845059,"PF",24,83,250,1991-03-27,"us","1","Western Michigan University",7,0,41,5,11,0.455,0,2,0,5,9,0.556,0.455,1,2,0.5,5,7,12,3,1,1,5,7,11,FALSE
"ATL","Shelvin Mack",2433333,"PG",25,75,203,1990-04-22,"us","4","Butler University",24,0,179,40,95,0.421,4,27,0.148,36,68,0.529,0.442,9,12,0.75,2,20,22,38,8,0,14,7,93,FALSE
"IND","Solomon Hill",1358880,"SF",24,79,225,1991-03-18,"us","2","University of Arizona",59,3,866,93,208,0.447,24,74,0.324,69,134,0.515,0.505,36,42,0.857,39,127,166,57,37,11,33,68,246,FALSE
"PHI","Sonny Weems",2800000,"SF",29,78,205,1986-07-08,"us","3","University of Arkansas",7,0,78,7,21,0.333,2,9,0.222,5,12,0.417,0.381,1,2,0.5,1,11,12,2,0,0,4,7,17,FALSE
"DET","Spencer Dinwiddie",845059,"PG",22,78,200,1993-04-06,"us","1","University of Colorado",12,0,159,19,54,0.352,1,10,0.1,18,44,0.409,0.361,19,33,0.576,4,13,17,22,3,0,7,20,58,FALSE
"CHO","Spencer Hawes",5543725,"PF",27,85,245,1988-04-28,"us","8","University of Washington",57,6,1035,124,306,0.405,38,102,0.373,86,204,0.422,0.467,54,65,0.831,51,193,244,109,22,27,58,111,340,FALSE
"DET","Stanley Johnson",2841960,"SF",19,79,245,1996-05-29,"us","0","University of Arizona",73,6,1687,225,600,0.375,63,205,0.307,162,395,0.41,0.428,80,102,0.784,58,248,306,118,55,12,114,178,593,FALSE
"GSW","Stephen Curry",11370786,"PG",27,75,190,1988-03-14,"us","6","Davidson College",79,79,2700,805,1598,0.504,402,886,0.454,403,712,0.566,0.63,363,400,0.908,68,362,430,527,169,15,262,161,2375,FALSE
"DET","Steve Blake",2170465,"PG",35,75,172,1980-02-26,"us","12","University of Maryland",58,2,986,93,240,0.388,52,151,0.344,41,89,0.461,0.496,16,20,0.8,9,80,89,200,24,5,81,70,254,FALSE
"MIL","Steve Novak",4166886,"PF",32,82,225,1983-06-13,"us","9","Marquette University",3,0,20,2,6,0.333,2,6,0.333,0,0,NA,0.5,1,1,1,0,1,1,0,0,0,0,2,7,TRUE
"OKC","Steven Adams",2279040,"C",22,84,255,1993-07-20,"nz","2","University of Pittsburgh",80,80,2014,261,426,0.613,0,0,NA,261,426,0.613,0.613,114,196,0.582,219,314,533,62,42,89,84,223,636,FALSE
"PHI","T.J. McConnell",525093,"PG",23,74,200,1992-03-25,"us","0","University of Arizona",81,17,1606,218,464,0.47,31,89,0.348,187,375,0.499,0.503,26,41,0.634,43,207,250,367,95,10,140,114,493,FALSE
"PHO","T.J. Warren",2041080,"SF",22,80,230,1993-09-05,"us","1","North Carolina State University",47,4,1070,221,441,0.501,28,70,0.4,193,371,0.52,0.533,45,64,0.703,57,90,147,44,37,16,32,94,515,FALSE
"CHI","Taj Gibson",8500000,"PF",30,81,225,1985-06-24,"us","6","University of Southern California",73,55,1936,263,500,0.526,0,3,0,263,497,0.529,0.526,101,146,0.692,206,298,504,106,47,77,78,180,627,FALSE
"LAL","Tarik Black",845059,"C",24,81,250,1991-11-22,"us","1","University of Kansas",39,0,496,57,104,0.548,0,0,NA,57,104,0.548,0.548,19,45,0.422,44,113,157,16,14,18,22,78,133,FALSE
"MIN","Tayshaun Prince",1499187,"SF",35,81,212,1980-02-28,"us","13","University of Kentucky",77,44,1462,102,229,0.445,4,23,0.174,98,206,0.476,0.454,13,19,0.684,32,115,147,73,36,13,27,62,221,FALSE
"HOU","Terrence Jones",2489530,"PF",24,81,252,1992-01-09,"us","3","University of Kentucky",50,11,1044,166,367,0.452,25,79,0.316,141,288,0.49,0.486,77,116,0.664,62,149,211,41,23,39,49,86,434,FALSE
"TOR","Terrence Ross",3553917,"SF",24,79,206,1991-02-05,"us","3","University of Washington",73,7,1747,270,626,0.431,131,339,0.386,139,287,0.484,0.536,49,62,0.79,21,164,185,56,54,25,46,120,720,FALSE
"BOS","Terry Rozier",1824360,"PG",21,74,190,1994-03-17,"us","0","University of Louisville",39,0,311,29,106,0.274,6,27,0.222,23,79,0.291,0.302,8,10,0.8,24,39,63,37,6,1,19,23,72,FALSE
"ATL","Thabo Sefolosha",4e+06,"SF",31,79,220,1984-05-02,"ch","9","",75,11,1758,188,372,0.505,42,124,0.339,146,248,0.589,0.562,62,99,0.626,52,282,334,107,85,37,68,109,480,FALSE
"BRK","Thaddeus Young",11200000,"PF",27,80,221,1988-06-21,"us","8","Georgia Institute of Technology",73,73,2407,495,963,0.514,7,30,0.233,488,933,0.523,0.518,105,163,0.644,176,484,660,135,112,37,136,182,1102,FALSE
"NYK","Thanasis Antetokounmpo",105888,"SF",23,79,205,1992-07-17,"gr","0","",2,0,6,3,4,0.75,0,1,0,3,3,1,0.75,0,0,NA,0,1,1,0,0,0,0,2,6,FALSE
"BRK","Thomas Robinson",981300,"PF",24,82,237,1991-03-17,"us","3","University of Kansas",71,7,917,130,291,0.447,0,1,0,130,290,0.448,0.447,47,109,0.431,136,223,359,46,39,36,69,111,307,FALSE
"ATL","Tiago Splitter",8500000,"C",31,83,245,1985-01-01,"br","5","",36,2,579,81,155,0.523,0,2,0,81,153,0.529,0.523,39,48,0.813,45,75,120,30,20,12,24,71,201,FALSE
"UTA","Tibor Pleiss",3e+06,"C",26,87,256,1989-11-02,"de","0","",12,0,82,11,25,0.44,0,2,0,11,23,0.478,0.44,2,2,1,6,9,15,2,1,2,8,19,24,FALSE
"SAS","Tim Duncan",5e+06,"C",39,83,250,1976-04-25,"vi","18","Wake Forest University",61,60,1536,215,441,0.488,0,2,0,215,439,0.49,0.488,92,131,0.702,115,332,447,163,47,78,90,125,522,FALSE
"POR","Tim Frazier",989216,"PG",25,73,170,1990-11-01,"us","1","Pennsylvania State University",35,1,272,20,60,0.333,3,17,0.176,17,43,0.395,0.358,8,15,0.533,11,28,39,42,10,1,27,31,51,TRUE
"ATL","Tim Hardaway",1304520,"SG",23,78,205,1992-03-16,"us","2","University of Michigan",51,1,864,114,265,0.43,48,142,0.338,66,123,0.537,0.521,50,56,0.893,7,79,86,51,21,7,23,48,326,FALSE
"CLE","Timofey Mozgov",4950000,"C",29,85,275,1986-07-16,"ru","5","",76,48,1326,203,359,0.565,1,7,0.143,202,352,0.574,0.567,68,95,0.716,110,227,337,33,22,57,71,159,475,FALSE
"DET","Tobias Harris",1.6e+07,"PF",23,81,235,1992-07-15,"us","4","University of Tennessee",27,25,903,166,348,0.477,33,88,0.375,133,260,0.512,0.524,82,90,0.911,25,143,168,70,18,12,30,62,447,FALSE
"NOP","Toney Douglas",1764858,"PG",29,74,195,1986-03-16,"us","6","Florida State University",61,18,1262,183,445,0.411,81,203,0.399,102,242,0.421,0.502,84,99,0.848,25,118,143,157,70,5,64,131,531,TRUE
"MEM","Tony Allen",5168539,"SG",34,76,213,1982-01-11,"us","11","Oklahoma State University",64,57,1620,215,469,0.458,15,42,0.357,200,427,0.468,0.474,90,138,0.652,104,192,296,70,110,18,78,175,535,FALSE
"SAS","Tony Parker",13437500,"PG",33,74,185,1982-05-17,"be","14","",72,72,1980,350,710,0.493,27,65,0.415,323,645,0.501,0.512,130,171,0.76,17,159,176,379,54,11,131,114,857,FALSE
"CHI","Tony Snell",1535880,"SF",24,79,200,1991-11-10,"us","2","University of New Mexico",64,33,1301,126,339,0.372,56,155,0.361,70,184,0.38,0.454,30,33,0.909,19,180,199,63,16,17,52,100,338,FALSE
"PHI","Tony Wroten",2346760,"PG",22,78,205,1993-04-13,"us","3","University of Washington",8,3,144,22,65,0.338,3,17,0.176,19,48,0.396,0.362,20,37,0.541,2,19,21,20,3,0,29,11,67,TRUE
"HOU","Trevor Ariza",8193030,"SF",30,80,215,1985-06-30,"us","11","University of California, Los Angeles",81,81,2859,357,859,0.416,185,499,0.371,172,360,0.478,0.523,126,161,0.783,67,299,366,188,160,26,113,177,1025,FALSE
"UTA","Trevor Booker",4775000,"PF",28,80,228,1987-11-25,"us","5","Clemson University",79,2,1632,190,388,0.49,12,41,0.293,178,347,0.513,0.505,71,106,0.67,166,286,452,84,59,41,81,169,463,FALSE
"UTA","Trey Burke",2658240,"PG",23,73,191,1992-11-12,"us","2","University of Michigan",64,0,1366,262,634,0.413,88,256,0.344,174,378,0.46,0.483,67,82,0.817,18,94,112,148,35,6,80,86,679,FALSE
"UTA","Trey Lyles",2239800,"PF",20,82,234,1995-11-05,"ca","0","University of Kentucky",80,33,1382,191,436,0.438,49,128,0.383,142,308,0.461,0.494,57,82,0.695,59,240,299,59,26,18,65,114,488,FALSE
"CLE","Tristan Thompson",14260870,"PF",24,81,238,1991-03-13,"ca","4","University of Texas at Austin",82,34,2269,247,420,0.588,0,0,NA,247,420,0.588,0.588,149,242,0.616,268,470,738,62,38,51,61,202,643,FALSE
"CHO","Troy Daniels",947276,"SG",24,76,205,1991-07-15,"us","2","Virginia Commonwealth University",43,0,476,89,187,0.476,59,122,0.484,30,65,0.462,0.634,5,9,0.556,7,50,57,21,11,3,24,40,242,FALSE
"IND","Ty Lawson",12669553,"PG",28,71,195,1987-11-03,"us","6","University of North Carolina",13,1,235,28,67,0.418,5,14,0.357,23,53,0.434,0.455,3,6,0.5,6,25,31,57,10,1,13,16,64,TRUE
"MIL","Tyler Ennis",1662360,"PG",21,75,194,1994-08-24,"ca","1","Syracuse University",46,7,654,84,187,0.449,13,39,0.333,71,148,0.48,0.484,25,34,0.735,13,62,75,95,25,1,46,64,206,FALSE
"CHO","Tyler Hansbrough",1185784,"PF",30,81,250,1985-11-03,"us","6","University of North Carolina",44,0,343,32,71,0.451,2,3,0.667,30,68,0.441,0.465,38,65,0.585,40,49,89,8,12,7,12,55,104,FALSE
"MIA","Tyler Johnson",845059,"SG",23,76,186,1992-05-07,"us","1","California State University, Fresno",36,5,863,118,243,0.486,27,71,0.38,91,172,0.529,0.541,51,64,0.797,28,81,109,79,24,14,47,66,314,FALSE
"BOS","Tyler Zeller",2616975,"C",26,84,253,1990-01-17,"us","3","University of North Carolina",60,3,710,138,290,0.476,0,0,NA,138,290,0.476,0.476,88,108,0.815,62,116,178,29,10,22,46,97,364,FALSE
"NOP","Tyreke Evans",11227000,"SG",26,78,220,1989-09-19,"us","6","University of Memphis",25,25,765,136,314,0.433,33,85,0.388,103,229,0.45,0.486,74,93,0.796,20,109,129,164,32,8,73,66,379,FALSE
"PHO","Tyson Chandler",1.3e+07,"C",33,85,240,1982-10-02,"us","14","",66,60,1618,183,314,0.583,0,1,0,183,313,0.585,0.583,106,171,0.62,175,401,576,64,36,44,93,145,472,FALSE
"MIN","Tyus Jones",1282080,"PG",19,74,195,1996-05-10,"us","0","Duke University",37,0,573,56,156,0.359,16,53,0.302,40,103,0.388,0.41,28,39,0.718,7,40,47,108,31,3,33,33,156,FALSE
"MIA","Udonis Haslem",2854940,"PF",35,80,235,1980-06-09,"us","12","University of Florida",37,0,260,23,61,0.377,1,9,0.111,22,52,0.423,0.385,12,16,0.75,10,65,75,14,5,2,5,25,59,FALSE
"ORL","Victor Oladipo",5192520,"SG",23,76,210,1992-05-04,"us","2","Indiana University",72,52,2379,425,970,0.438,98,282,0.348,327,688,0.475,0.489,205,247,0.83,48,297,345,282,116,54,153,174,1153,FALSE
"MEM","Vince Carter",4088091,"SG",39,78,220,1977-01-26,"us","17","University of North Carolina",60,3,1005,133,343,0.388,59,169,0.349,74,174,0.425,0.474,70,84,0.833,31,115,146,56,38,16,35,101,395,FALSE
"ATL","Walter Tavares",1e+06,"C",23,87,260,1992-03-22,"cv","0","",11,0,73,11,19,0.579,0,0,NA,11,19,0.579,0.579,3,8,0.375,7,14,21,3,1,6,5,8,25,FALSE
"BRK","Wayne Ellington",2423670,"SG",28,76,200,1987-10-29,"us","6","University of North Carolina",76,41,1615,218,561,0.389,96,268,0.358,122,293,0.416,0.474,54,63,0.857,20,154,174,83,48,5,45,82,586,TRUE
"LAC","Wesley Johnson",1100600,"SF",28,79,215,1987-07-11,"us","5","Syracuse University",80,9,1666,208,515,0.404,103,309,0.333,105,206,0.51,0.504,30,46,0.652,37,211,248,49,89,56,54,173,549,FALSE
"DAL","Wesley Matthews",16400000,"SF",29,77,220,1986-10-14,"us","6","Marquette University",78,78,2644,331,854,0.388,189,525,0.36,142,329,0.432,0.498,126,146,0.863,27,211,238,151,78,17,78,179,977,FALSE
"DEN","Will Barton",3333333,"SG",25,78,175,1991-01-06,"us","3","University of Memphis",82,1,2353,425,983,0.432,112,325,0.345,313,658,0.476,0.489,216,268,0.806,59,417,476,203,71,39,139,147,1178,FALSE
"SAC","Willie Cauley-Stein",3398280,"C",22,84,240,1993-08-18,"us","0","University of Kentucky",66,39,1412,191,339,0.563,0,2,0,191,337,0.567,0.563,81,125,0.648,134,218,352,37,48,66,46,146,463,FALSE
"BRK","Willie Reed",947276,"PF",25,82,220,1990-05-16,"us","0","Saint Louis University",39,2,426,76,133,0.571,0,0,NA,76,133,0.571,0.571,30,55,0.545,49,73,122,10,6,30,16,47,182,FALSE
"MEM","Xavier Munford",89588,"SG",23,74,180,1992-06-01,"us","0","University of Rhode Island",14,0,244,32,77,0.416,9,23,0.391,23,54,0.426,0.474,7,14,0.5,3,28,31,22,13,3,15,25,80,FALSE
"MIN","Zach LaVine",2148360,"SG",20,77,189,1995-03-10,"us","1","University of California, Los Angeles",82,33,2294,433,959,0.452,123,316,0.389,310,643,0.482,0.516,161,203,0.793,27,201,228,251,69,17,155,193,1150,FALSE
"MEM","Zach Randolph",9638555,"PF",34,81,260,1981-07-16,"us","14","Michigan State University",68,53,2016,431,907,0.475,6,26,0.231,425,881,0.482,0.479,172,216,0.796,179,350,529,142,43,13,105,146,1040,FALSE
"DAL","Zaza Pachulia",5200000,"C",31,83,270,1984-02-10,"ge","12","",76,69,2004,219,470,0.466,0,3,0,219,467,0.469,0.466,212,276,0.768,249,469,718,128,64,22,119,181,650,FALSE
